2026-03-13 22:09:45 [debug] : Notification event posted from server - ON_DID_UPDATE_WORKSPACE. 
2026-03-13 22:09:45 [debug] : --------------------------------------------------------------------------------- 
2026-03-13 22:09:45 [debug] : /home/hyeonjun/AMD/Vivado/source/camera2hdmi_final1.01/camera2hdmi_final1.01/vitis_workspace 
2026-03-13 22:09:45 [debug] : --------------------------------------------------------------------------------- 
2026-03-13 22:09:45 [debug] : [Logger] Previous user logs are stored in the file - /home/hyeonjun/.Xilinx/Vitis/2023.2/logs/ide.log 
2026-03-13 22:09:45 [debug] : [Logger] Previous debug logs are stored in the file - /home/hyeonjun/.Xilinx/Vitis/2023.2/logs/ide_verbose.log 
2026-03-13 22:09:45 [debug] : [Logger] All the internal problems will be logged at debug level. 
2026-03-13 22:09:45 [debug] : [Application Examples Provider] refresh completed. 
2026-03-13 22:09:45 [debug] : RIGEL SERVER 22:09:45 INFO  : updated workspace path: /home/hyeonjun/AMD/Vivado/source/camera2hdmi_final1.01/camera2hdmi_final1.01/vitis_workspace 
2026-03-13 22:09:45 [debug] : Event posted using notification server in backend. {"0":{"wrappers_":{},"arrayIndexOffset_":-1,"array":["bdd10fb5-8d59-4aa6-9616-4c76985abde3",null,53,null,null,null,null,"list-reports"],"pivot_":1.7976931348623157e+308,"convertedPrimitiveFields_":{}}}
2026-03-13 22:09:45 [debug] : Notification event posted from server - ON_START_ANALYSIS_PROGRESS. 
2026-03-13 22:09:45 [debug] : [Repository Server] Executing method:getEmbeddedExampleTemplateTree with connection:(object). {"0":"request:","1":{"wrappers_":null,"arrayIndexOffset_":-1,"array":[],"pivot_":1.7976931348623157e+308,"convertedPrimitiveFields_":{}}}
2026-03-13 22:09:45 [debug] : [Application Examples Provider]  updating the embedded templates on workspace event. 
2026-03-13 22:09:45 [debug] : [Application Examples Provider] refresh requested. 
2026-03-13 22:09:45 [debug] : Received event from notification service: ON_DID_UPDATE_WORKSPACE. 
2026-03-13 22:09:45 [debug] : [Logger Client] log levelchanged to  {"0":"Info"}
2026-03-13 22:09:45 [debug] : [Logger UI]  Update Log Level  called 
2026-03-13 22:09:45 [debug] : [ProjectCache] fetching projects for project-cache 
2026-03-13 22:09:45 [debug] : [Application Examples Provider] common calling method requested. 
2026-03-13 22:09:45 [debug] : [Application Examples Provider] Repositories model update requested. 
2026-03-13 22:09:45 [debug] : [Application Examples Provider] Repositories model update completed. 
2026-03-13 22:09:45 [debug] : [Application Examples Provider] Templates model update requested. 
2026-03-13 22:09:45 [debug] : [Repository Service] Executing method:getEmbeddedExampleTemplateTree from frontend. {"0":"request:"}
2026-03-13 22:09:45 [debug] : Received event from notification service: ON_START_ANALYSIS_PROGRESS. 
2026-03-13 22:09:45 [debug] : Event posted using notification server in backend. {"0":{"wrappers_":{},"arrayIndexOffset_":-1,"array":["c7dbe4f8-e08a-4bd5-8814-cb6505563e97",null,54,null,null,null,null,"list-reports"],"pivot_":1.7976931348623157e+308,"convertedPrimitiveFields_":{}}}
2026-03-13 22:09:45 [debug] : Notification event posted from server - ON_STOP_ANALYSIS_PROGRESS. 
2026-03-13 22:09:45 [debug] : [Logger UI]  Update Log Level success {"0":{"success":true,"error":""}}
2026-03-13 22:09:45 [debug] : RIGEL SERVER 22:09:45 INFO  : created .gitignore file for the project /home/hyeonjun/AMD/Vivado/source/camera2hdmi_final1.01/camera2hdmi_final1.01/vitis_workspace 
2026-03-13 22:09:45 [debug] : Notification event posted from server - ON_DID_OPEN_COMPONENT. 
2026-03-13 22:09:45 [debug] : Notification event posted from server - ON_DID_OPEN_COMPONENT. 
2026-03-13 22:09:45 [debug] : Notification event posted from server - ON_DID_REFRESH_WORKSPACE_SUMMARIES. 
2026-03-13 22:09:45 [debug] : Notification event posted from server - ON_DID_UPDATE_WORKSPACE. 
2026-03-13 22:09:45 [debug] : --------------------------------------------------------------------------------- 
2026-03-13 22:09:45 [debug] : /home/hyeonjun/AMD/Vivado/source/camera2hdmi_final1.01/camera2hdmi_final1.01/vitis_workspace 
2026-03-13 22:09:45 [debug] : --------------------------------------------------------------------------------- 
2026-03-13 22:09:45 [debug] : [Logger] Previous user logs are stored in the file - /home/hyeonjun/AMD/Vivado/source/camera2hdmi_final1.01/camera2hdmi_final1.01/vitis_workspace/logs/ide.log 
2026-03-13 22:09:45 [debug] : [Logger] Previous debug logs are stored in the file - /home/hyeonjun/AMD/Vivado/source/camera2hdmi_final1.01/camera2hdmi_final1.01/vitis_workspace/logs/ide_verbose.log 
2026-03-13 22:09:45 [debug] : [Logger] All the internal problems will be logged at debug level. 
2026-03-13 22:09:45 [debug] : MonacoEditorModel.fireDidChangeContent - enter - {
  "changes": [
    {
      "range": {
        "startLineNumber": 2,
        "startColumn": 47,
        "endLineNumber": 2,
        "endColumn": 52
      },
      "rangeLength": 5,
      "text": "false",
      "rangeOffset": 48,
      "forceMoveMarkers": false
    }
  ],
  "eol": "\n",
  "versionId": 2,
  "isUndoing": false,
  "isRedoing": false,
  "isFlush": false
} {"0":"user-storage:/user/settings.json"}
2026-03-13 22:09:45 [debug] : MonacoEditorModel.markAsDirty - enter {"0":"user-storage:/user/settings.json"}
2026-03-13 22:09:45 [debug] : MonacoEditorModel.cancelSync {"0":"user-storage:/user/settings.json"}
2026-03-13 22:09:45 [debug] : MonacoEditorModel.cancelSave {"0":"user-storage:/user/settings.json"}
2026-03-13 22:09:45 [debug] : MonacoEditorModel.markAsDirty - exit {"0":"user-storage:/user/settings.json"}
2026-03-13 22:09:45 [debug] : MonacoEditorModel.fireDidChangeContent - exit {"0":"user-storage:/user/settings.json"}
2026-03-13 22:09:45 [debug] : MonacoEditorModel.cancelSave {"0":"user-storage:/user/settings.json"}
2026-03-13 22:09:45 [debug] : MonacoEditorModel.cancelSave {"0":"user-storage:/user/settings.json"}
2026-03-13 22:09:45 [debug] : RIGEL SERVER 22:09:45 INFO  : updated workspace path: /home/hyeonjun/AMD/Vivado/source/camera2hdmi_final1.01/camera2hdmi_final1.01/vitis_workspace 
2026-03-13 22:09:45 [debug] : Notification event posted from server - ON_DID_OPEN_COMPONENT. 
2026-03-13 22:09:45 [debug] : Received event from notification service: ON_STOP_ANALYSIS_PROGRESS. 
2026-03-13 22:09:45 [debug] : Notification event posted from server - ON_DID_OPEN_COMPONENT. 
2026-03-13 22:09:45 [debug] : RIGEL SERVER 22:09:45 INFO  : created .gitignore file for the project /home/hyeonjun/AMD/Vivado/source/camera2hdmi_final1.01/camera2hdmi_final1.01/vitis_workspace 
2026-03-13 22:09:45 [debug] : Notification event posted from server - ON_DID_OPEN_COMPONENT. 
2026-03-13 22:09:45 [debug] : Notification event posted from server - ON_DID_REFRESH_WORKSPACE_SUMMARIES. 
2026-03-13 22:09:45 [debug] : RIGEL SERVER 22:09:45 INFO  : bash, -c, source /home/hyeonjun/AMD/Vitis/2023.2/tps/lnx64/lopper-1.1.0/env/bin/activate && python /home/hyeonjun/AMD/Vitis/2023.2/data/embeddedsw/scripts/pyesw//repo.py -st   /home/hyeonjun/AMD/Vitis/2023.2/data/embeddedsw && deactivate 
2026-03-13 22:09:45 [debug] : RIGEL SERVER 22:09:45 INFO  : Traceback (most recent call last): 
2026-03-13 22:09:45 [debug] : RIGEL SERVER 22:09:45 INFO  :   File "/home/hyeonjun/AMD/Vitis/2023.2/data/embeddedsw/scripts/pyesw//repo.py", line 13, in <module>
22:09:45 INFO  :     import utils 
2026-03-13 22:09:45 [debug] : RIGEL SERVER 22:09:45 INFO  :   File "/home/hyeonjun/AMD/Vitis/2023.2/data/embeddedsw/scripts/pyesw/utils.py", line 16, in <module>
22:09:45 INFO  :     import yaml
22:09:45 INFO  : ModuleNotFoundError: No module named 'yaml'
22:09:45 ERROR : Error in Creating Embedded Repositories at '/home/hyeonjun/AMD/Vivado/source/camera2hdmi_final1.01/camera2hdmi_final1.01/vitis_workspace'. 
2026-03-13 22:09:45 [debug] : RIGEL SERVER 22:09:45 ERROR : Error in Creating Embedded Repositories at '/home/hyeonjun/AMD/Vivado/source/camera2hdmi_final1.01/camera2hdmi_final1.01/vitis_workspace'. 
2026-03-13 22:09:45 [debug] : Opening channel for service path '/services/bootgen'. 
2026-03-13 22:09:45 [debug] : Opening channel for service path '/services/hls/report'. 
2026-03-13 22:09:45 [debug] : Opening channel for service path '/services/hls/wave/open'. 
2026-03-13 22:09:45 [debug] : Linked preference "workbench.colorCustomizations" not found. Source: "editor.bracketPairColorization.enabled" 
2026-03-13 22:09:45 [debug] : Frontend m.configure took longer than the expected maximum 100 milliseconds: 552.3 ms [Finished 3.851 s after frontend start] 
2026-03-13 22:09:45 [debug] : Application UI init preferences 
2026-03-13 22:09:45 [debug] : [Bootgen Output] Adding listeners to bootgen service. 
2026-03-13 22:09:45 [debug] : A command file.openWith.config-editor-widget is already registered. 
2026-03-13 22:09:45 [debug] : Frontend commands.onStart: 20.3 ms [Finished 3.871 s after frontend start] 
2026-03-13 22:09:45 [debug] : Received event from notification service: ON_DID_OPEN_COMPONENT. 
2026-03-13 22:09:45 [debug] : Received event from notification service: ON_DID_OPEN_COMPONENT. 
2026-03-13 22:09:45 [debug] : Received event from notification service: ON_DID_REFRESH_WORKSPACE_SUMMARIES. 
2026-03-13 22:09:45 [debug] : [ProjectCache] fetching projects for project-cache 
2026-03-13 22:09:45 [debug] : [Application Examples Provider]  updating the embedded templates on workspace event. 
2026-03-13 22:09:45 [debug] : [Application Examples Provider] refresh requested. 
2026-03-13 22:09:45 [debug] : Received event from notification service: ON_DID_UPDATE_WORKSPACE. 
2026-03-13 22:09:45 [debug] : [Logger Client] log levelchanged to  {"0":"Info"}
2026-03-13 22:09:45 [debug] : [Logger UI]  Update Log Level  called 
2026-03-13 22:09:45 [debug] : [Repository Server] Executing method:getEmbeddedExampleTemplateTree with connection:(object). {"0":"request:","1":{"wrappers_":null,"arrayIndexOffset_":-1,"array":[],"pivot_":1.7976931348623157e+308,"convertedPrimitiveFields_":{}}}
2026-03-13 22:09:45 [debug] : [Application Examples Provider] common calling method requested. 
2026-03-13 22:09:45 [debug] : [Application Examples Provider] Repositories model update requested. 
2026-03-13 22:09:45 [debug] : [Application Examples Provider] Repositories model update completed. 
2026-03-13 22:09:45 [debug] : [Application Examples Provider] Templates model update requested. 
2026-03-13 22:09:45 [debug] : [Repository Service] Executing method:getEmbeddedExampleTemplateTree from frontend. {"0":"request:"}
2026-03-13 22:09:45 [debug] : Received event from notification service: ON_DID_OPEN_COMPONENT. 
2026-03-13 22:09:45 [debug] : RIGEL SERVER 22:09:45 INFO  : bash, -c, source /home/hyeonjun/AMD/Vitis/2023.2/tps/lnx64/lopper-1.1.0/env/bin/activate && python /home/hyeonjun/AMD/Vitis/2023.2/data/embeddedsw/scripts/pyesw//repo.py -st   /home/hyeonjun/AMD/Vitis/2023.2/data/embeddedsw && deactivate 
2026-03-13 22:09:45 [debug] : Received event from notification service: ON_DID_OPEN_COMPONENT. 
2026-03-13 22:09:45 [debug] : RIGEL SERVER 22:09:45 INFO  : Traceback (most recent call last):
22:09:45 INFO  :   File "/home/hyeonjun/AMD/Vitis/2023.2/data/embeddedsw/scripts/pyesw//repo.py", line 13, in <module>
22:09:45 INFO  :     import utils
22:09:45 INFO  :   File "/home/hyeonjun/AMD/Vitis/2023.2/data/embeddedsw/scripts/pyesw/utils.py", line 16, in <module>
22:09:45 INFO  :     import yaml 
2026-03-13 22:09:45 [debug] : RIGEL SERVER 22:09:45 INFO  : ModuleNotFoundError: No module named 'yaml'
22:09:45 ERROR : Error in Creating Embedded Repositories at '/home/hyeonjun/AMD/Vivado/source/camera2hdmi_final1.01/camera2hdmi_final1.01/vitis_workspace'.
22:09:45 ERROR : Error in Creating Embedded Repositories at '/home/hyeonjun/AMD/Vivado/source/camera2hdmi_final1.01/camera2hdmi_final1.01/vitis_workspace'. 
2026-03-13 22:09:45 [debug] : [ProjectCache] Project location updated to /home/hyeonjun/AMD/Vivado/source/camera2hdmi_final1.01/camera2hdmi_final1.01/vitis_workspace/camera_app 
2026-03-13 22:09:45 [debug] : Received event from notification service: ON_DID_OPEN_COMPONENT. 
2026-03-13 22:09:45 [debug] : Received event from notification service: ON_DID_REFRESH_WORKSPACE_SUMMARIES. 
2026-03-13 22:09:45 [debug] : [Application Examples Provider] Templates model update completed. 
2026-03-13 22:09:45 [debug] : [Application Examples Provider] common calling method completed. 
2026-03-13 22:09:45 [debug] : [Application Examples Provider] refresh completed. 
2026-03-13 22:09:45 [debug] : Request getPlatform failed with error: 3 INVALID_ARGUMENT: Could not find platform at /home/hyw75/camera2hdmi_final/vitis_workspace/my_platform/export/my_platform/my_platform.xpfm {"0":"Error: 3 INVALID_ARGUMENT: Could not find platform at /home/hyw75/camera2hdmi_final/vitis_workspace/my_platform/export/my_platform/my_platform.xpfm\n    at Object.callErrorFromStatus (/home/hyeonjun/AMD/Vitis/2023.2/ide/electron-app/lnx64/resources/app/node_modules/@grpc/grpc-js/build/src/call.js:31:26)\n    at Object.onReceiveStatus (/home/hyeonjun/AMD/Vitis/2023.2/ide/electron-app/lnx64/resources/app/node_modules/@grpc/grpc-js/build/src/client.js:180:52)\n    at Object.onReceiveStatus (/home/hyeonjun/AMD/Vitis/2023.2/ide/electron-app/lnx64/resources/app/node_modules/@grpc/grpc-js/build/src/client-interceptors.js:336:141)\n    at Object.onReceiveStatus (/home/hyeonjun/AMD/Vitis/2023.2/ide/electron-app/lnx64/resources/app/node_modules/@grpc/grpc-js/build/src/client-interceptors.js:299:181)\n    at /home/hyeonjun/AMD/Vitis/2023.2/ide/electron-app/lnx64/resources/app/node_modules/@grpc/grpc-js/build/src/call-stream.js:160:78\n    at processTicksAndRejections (node:internal/process/task_queues:78:11)"}
2026-03-13 22:09:45 [debug] : RIGEL SERVER 22:09:45 INFO  : Found no platform with name 'my_platform' in install repositories 
2026-03-13 22:09:45 [debug] : Application UI init preferences 
2026-03-13 22:09:45 [debug] : Frontend keybindings.onStart took longer than the expected maximum 100 milliseconds: 125.4 ms [Finished 3.997 s after frontend start] 
2026-03-13 22:09:45 [debug] : Frontend menus.onStart: 9.3 ms [Finished 4.007 s after frontend start] 
2026-03-13 22:09:45 [debug] : Opening channel for service path '/services/search-in-workspace'. 
2026-03-13 22:09:45 [debug] : Frontend c.onStart: 5.4 ms [Finished 4.012 s after frontend start] 
2026-03-13 22:09:45 [debug] : Frontend d.onStart: 18.6 ms [Finished 4.031 s after frontend start] 
2026-03-13 22:09:45 [debug] : Frontend d.onStart: 6.7 ms [Finished 4.038 s after frontend start] 
2026-03-13 22:09:45 [debug] : Opening channel for service path '/services/request-service'. 
2026-03-13 22:09:45 [debug] : Frontend J.onStart: 0.2 ms [Finished 4.038 s after frontend start] 
2026-03-13 22:09:45 [debug] : Frontend l.onStart: 1.3 ms [Finished 4.040 s after frontend start] 
2026-03-13 22:09:45 [debug] : Frontend u.onStart: 4.7 ms [Finished 4.045 s after frontend start] 
2026-03-13 22:09:45 [debug] : Frontend n.onStart: 0.2 ms [Finished 4.045 s after frontend start] 
2026-03-13 22:09:45 [debug] : Frontend u.onStart: 1.3 ms [Finished 4.047 s after frontend start] 
2026-03-13 22:09:45 [debug] : Skipping menu item with missing command: "plugin.view-container.test.toggle". 
2026-03-13 22:09:45 [debug] : Frontend C.onStart: 30.8 ms [Finished 4.078 s after frontend start] 
2026-03-13 22:09:45 [debug] : Frontend p.onStart: 0.2 ms [Finished 4.079 s after frontend start] 
2026-03-13 22:09:45 [debug] : Frontend d.onStart: 0.2 ms [Finished 4.079 s after frontend start] 
2026-03-13 22:09:45 [debug] : Frontend u.onStart: 0.8 ms [Finished 4.080 s after frontend start] 
2026-03-13 22:09:45 [debug] : Frontend m.onStart: 0.5 ms [Finished 4.081 s after frontend start] 
2026-03-13 22:09:45 [debug] : Frontend n.onStart: 0.6 ms [Finished 4.082 s after frontend start] 
2026-03-13 22:09:45 [debug] : Frontend v.onStart: 0.3 ms [Finished 4.082 s after frontend start] 
2026-03-13 22:09:45 [debug] : Frontend P.onStart: 0.3 ms [Finished 4.082 s after frontend start] 
2026-03-13 22:09:45 [debug] : Frontend c.onStart: 0.3 ms [Finished 4.083 s after frontend start] 
2026-03-13 22:09:45 [debug] : Frontend b.onStart: 0.1 ms [Finished 4.083 s after frontend start] 
2026-03-13 22:09:45 [debug] : Frontend g.onStart: 0.5 ms [Finished 4.084 s after frontend start] 
2026-03-13 22:09:45 [debug] : Frontend f.onStart: 0.4 ms [Finished 4.085 s after frontend start] 
2026-03-13 22:09:45 [debug] : Frontend b.onStart: 0.4 ms [Finished 4.085 s after frontend start] 
2026-03-13 22:09:45 [debug] : Frontend d.onStart: 0.3 ms [Finished 4.086 s after frontend start] 
2026-03-13 22:09:45 [debug] : Frontend $.onStart: 1.0 ms [Finished 4.087 s after frontend start] 
2026-03-13 22:09:45 [debug] : Frontend $.onStart: 0.1 ms [Finished 4.087 s after frontend start] 
2026-03-13 22:09:45 [debug] : Frontend y.onStart: 0.2 ms [Finished 4.087 s after frontend start] 
2026-03-13 22:09:45 [debug] : [hosted-plugin: 45230] IPC started 
2026-03-13 22:09:45 [debug] : Frontend Object.onStart: 0.4 ms [Finished 4.088 s after frontend start] 
2026-03-13 22:09:45 [debug] : Frontend w.onStart: 19.1 ms [Finished 4.108 s after frontend start] 
2026-03-13 22:09:45 [debug] : Frontend d.onStart: 0.4 ms [Finished 4.108 s after frontend start] 
2026-03-13 22:09:45 [debug] : Frontend j.onStart: 0.1 ms [Finished 4.109 s after frontend start] 
2026-03-13 22:09:45 [debug] : Frontend f.onStart: 0.4 ms [Finished 4.109 s after frontend start] 
2026-03-13 22:09:45 [debug] : Frontend c.onStart: 0.2 ms [Finished 4.109 s after frontend start] 
2026-03-13 22:09:45 [debug] : Frontend y.onStart: 0.1 ms [Finished 4.110 s after frontend start] 
2026-03-13 22:09:45 [debug] : Frontend _.onStart: 0.1 ms [Finished 4.110 s after frontend start] 
2026-03-13 22:09:45 [debug] : Frontend N.onStart: 0.3 ms [Finished 4.110 s after frontend start] 
2026-03-13 22:09:45 [debug] : Frontend n.onStart: 0.3 ms [Finished 4.111 s after frontend start] 
2026-03-13 22:09:45 [debug] : Frontend c.onStart: 0.2 ms [Finished 4.111 s after frontend start] 
2026-03-13 22:09:45 [debug] : Frontend m.onStart: 0.2 ms [Finished 4.111 s after frontend start] 
2026-03-13 22:09:45 [debug] : Start frontend contributions: 1285.3 ms [Finished 4.112 s after frontend start] 
2026-03-13 22:09:45 [debug] : Changed application state from 'init' to 'started_contributions'. 
2026-03-13 22:09:45 [debug] : Changed application state from 'started_contributions' to 'attached_shell'. 
2026-03-13 22:09:45 [debug] : >>> Restoring the layout state... 
2026-03-13 22:09:46 [debug] : [Logger UI]  Update Log Level success {"0":{"success":true,"error":""}}
2026-03-13 22:09:46 [debug] : [ProjectDecorator] tree decoration updated 
2026-03-13 22:09:46 [debug] : [Application Examples Provider] Templates model update completed. 
2026-03-13 22:09:46 [debug] : [Application Examples Provider] common calling method completed. 
2026-03-13 22:09:46 [debug] : [Application Examples Provider] refresh completed. 
2026-03-13 22:09:46 [debug] : Skipping menu item with missing command: "plugin.view-container.test.toggle". 
2026-03-13 22:09:46 [debug] : MonacoEditorModel.cancelSync {"0":"file:///home/hyeonjun/AMD/Vivado/source/camera2hdmi_final1.01/camera2hdmi_final1.01/vitis_workspace/logs/vitis.log"}
2026-03-13 22:09:46 [debug] : MonacoEditorModel.doSync - enter {"0":"file:///home/hyeonjun/AMD/Vivado/source/camera2hdmi_final1.01/camera2hdmi_final1.01/vitis_workspace/logs/vitis.log"}
2026-03-13 22:09:46 [debug] : MonacoEditorModel.cancelSync {"0":"file:///home/hyeonjun/AMD/Vivado/source/camera2hdmi_final1.01/camera2hdmi_final1.01/vitis_workspace/logs/vitis.log"}
2026-03-13 22:09:46 [debug] : [2baf16ed-604e-45b3-aea6-84830589d7a4] Waiting for backend deployment: 202.0 ms [Finished 4.290 s after frontend start] 
2026-03-13 22:09:46 [debug] : MonacoEditorModel.fireDidChangeContent - enter - {
  "changes": [
    {
      "range": {
        "startLineNumber": 1,
        "startColumn": 1,
        "endLineNumber": 1,
        "endColumn": 1
      },
      "rangeLength": 0,
      "text": "{\n    \"clangd.fallbackFlags\": []\n}",
      "rangeOffset": 0,
      "forceMoveMarkers": false
    }
  ],
  "eol": "\n",
  "versionId": 2,
  "isUndoing": false,
  "isRedoing": false,
  "isFlush": false
} {"0":"file:///home/hyeonjun/AMD/Vivado/source/camera2hdmi_final1.01/camera2hdmi_final1.01/vitis_workspace/.theia/settings.json"}
2026-03-13 22:09:46 [debug] : MonacoEditorModel.markAsDirty - enter {"0":"file:///home/hyeonjun/AMD/Vivado/source/camera2hdmi_final1.01/camera2hdmi_final1.01/vitis_workspace/.theia/settings.json"}
2026-03-13 22:09:46 [debug] : MonacoEditorModel.cancelSync {"0":"file:///home/hyeonjun/AMD/Vivado/source/camera2hdmi_final1.01/camera2hdmi_final1.01/vitis_workspace/.theia/settings.json"}
2026-03-13 22:09:46 [debug] : MonacoEditorModel.cancelSave {"0":"file:///home/hyeonjun/AMD/Vivado/source/camera2hdmi_final1.01/camera2hdmi_final1.01/vitis_workspace/.theia/settings.json"}
2026-03-13 22:09:46 [debug] : MonacoEditorModel.markAsDirty - exit {"0":"file:///home/hyeonjun/AMD/Vivado/source/camera2hdmi_final1.01/camera2hdmi_final1.01/vitis_workspace/.theia/settings.json"}
2026-03-13 22:09:46 [debug] : MonacoEditorModel.fireDidChangeContent - exit {"0":"file:///home/hyeonjun/AMD/Vivado/source/camera2hdmi_final1.01/camera2hdmi_final1.01/vitis_workspace/.theia/settings.json"}
2026-03-13 22:09:46 [debug] : MonacoEditorModel.cancelSave {"0":"file:///home/hyeonjun/AMD/Vivado/source/camera2hdmi_final1.01/camera2hdmi_final1.01/vitis_workspace/.theia/settings.json"}
2026-03-13 22:09:46 [debug] : MonacoEditorModel.fireDidChangeContent - enter - {
  "changes": [
    {
      "range": {
        "startLineNumber": 2,
        "startColumn": 29,
        "endLineNumber": 2,
        "endColumn": 31
      },
      "rangeLength": 2,
      "text": "[]",
      "rangeOffset": 30,
      "forceMoveMarkers": false
    }
  ],
  "eol": "\n",
  "versionId": 3,
  "isUndoing": false,
  "isRedoing": false,
  "isFlush": false
} {"0":"file:///home/hyeonjun/AMD/Vivado/source/camera2hdmi_final1.01/camera2hdmi_final1.01/vitis_workspace/.theia/settings.json"}
2026-03-13 22:09:46 [debug] : MonacoEditorModel.markAsDirty - enter {"0":"file:///home/hyeonjun/AMD/Vivado/source/camera2hdmi_final1.01/camera2hdmi_final1.01/vitis_workspace/.theia/settings.json"}
2026-03-13 22:09:46 [debug] : MonacoEditorModel.cancelSync {"0":"file:///home/hyeonjun/AMD/Vivado/source/camera2hdmi_final1.01/camera2hdmi_final1.01/vitis_workspace/.theia/settings.json"}
2026-03-13 22:09:46 [debug] : MonacoEditorModel.cancelSave {"0":"file:///home/hyeonjun/AMD/Vivado/source/camera2hdmi_final1.01/camera2hdmi_final1.01/vitis_workspace/.theia/settings.json"}
2026-03-13 22:09:46 [debug] : MonacoEditorModel.markAsDirty - exit {"0":"file:///home/hyeonjun/AMD/Vivado/source/camera2hdmi_final1.01/camera2hdmi_final1.01/vitis_workspace/.theia/settings.json"}
2026-03-13 22:09:46 [debug] : MonacoEditorModel.fireDidChangeContent - exit {"0":"file:///home/hyeonjun/AMD/Vivado/source/camera2hdmi_final1.01/camera2hdmi_final1.01/vitis_workspace/.theia/settings.json"}
2026-03-13 22:09:46 [debug] : MonacoEditorModel.cancelSave {"0":"file:///home/hyeonjun/AMD/Vivado/source/camera2hdmi_final1.01/camera2hdmi_final1.01/vitis_workspace/.theia/settings.json"}
2026-03-13 22:09:46 [debug] : MonacoEditorModel.cancelSave {"0":"file:///home/hyeonjun/AMD/Vivado/source/camera2hdmi_final1.01/camera2hdmi_final1.01/vitis_workspace/.theia/settings.json"}
2026-03-13 22:09:46 [debug] : [hosted-plugin: 45230] PLUGIN_HOST(45230) starting instance 
2026-03-13 22:09:46 [debug] : <<< Nothing to restore. 
2026-03-13 22:09:46 [debug] : Frontend P.initializeLayout: 20.0 ms [Finished 4.438 s after frontend start] 
2026-03-13 22:09:46 [debug] : Frontend b.initializeLayout: 2.8 ms [Finished 4.441 s after frontend start] 
2026-03-13 22:09:46 [debug] : Frontend h.initializeLayout: 3.4 ms [Finished 4.444 s after frontend start] 
2026-03-13 22:09:46 [debug] : Frontend $.initializeLayout: 3.5 ms [Finished 4.448 s after frontend start] 
2026-03-13 22:09:46 [debug] : Frontend y.initializeLayout: 8.3 ms [Finished 4.456 s after frontend start] 
2026-03-13 22:09:46 [debug] : Frontend w.initializeLayout: 4.7 ms [Finished 4.461 s after frontend start] 
2026-03-13 22:09:46 [debug] : Frontend c.initializeLayout: 3.3 ms [Finished 4.464 s after frontend start] 
2026-03-13 22:09:46 [debug] : [Repository Examples UI] in on initialize layout method. 
2026-03-13 22:09:46 [debug] : Frontend A.initializeLayout: 8.3 ms [Finished 4.473 s after frontend start] 
2026-03-13 22:09:46 [debug] : Frontend u.initializeLayout: 3.9 ms [Finished 4.477 s after frontend start] 
2026-03-13 22:09:46 [debug] : Frontend h.initializeLayout: 0.1 ms [Finished 4.477 s after frontend start] 
2026-03-13 22:09:46 [debug] : Opening channel for service path '/services/report-model'. 
2026-03-13 22:09:46 [debug] : Frontend R.initializeLayout: 12.7 ms [Finished 4.490 s after frontend start] 
2026-03-13 22:09:46 [debug] : Frontend j.initializeLayout: 11.3 ms [Finished 4.501 s after frontend start] 
2026-03-13 22:09:46 [debug] : [Library Api Contribution] in on initialize layout method. 
2026-03-13 22:09:46 [debug] : Frontend p.initializeLayout: 7.0 ms [Finished 4.508 s after frontend start] 
2026-03-13 22:09:46 [debug] : Frontend M.initializeLayout: 0.2 ms [Finished 4.509 s after frontend start] 
2026-03-13 22:09:46 [debug] : MonacoEditorModel.doSync - exit - cancelled while looking for a resource {"0":"file:///home/hyeonjun/AMD/Vivado/source/camera2hdmi_final1.01/camera2hdmi_final1.01/vitis_workspace/logs/vitis.log"}
2026-03-13 22:09:46 [debug] : MonacoEditorModel.doSync - enter {"0":"file:///home/hyeonjun/AMD/Vivado/source/camera2hdmi_final1.01/camera2hdmi_final1.01/vitis_workspace/logs/vitis.log"}
2026-03-13 22:09:46 [debug] : [2baf16ed-604e-45b3-aea6-84830589d7a4] Sync of 16 plugins: 473.7 ms [Finished 4.764 s after frontend start] 
2026-03-13 22:09:46 [debug] : MonacoEditorModel.cancelSync {"0":"user-storage:/user/settings.json"}
2026-03-13 22:09:46 [debug] : MonacoEditorModel.cancelSave {"0":"user-storage:/user/settings.json"}
2026-03-13 22:09:46 [debug] : MonacoEditorModel.fireDidChangeContent - enter - {
  "changes": [
    {
      "range": {
        "startLineNumber": 153,
        "startColumn": 1,
        "endLineNumber": 153,
        "endColumn": 1
      },
      "rangeLength": 0,
      "text": "22:09:45 INFO  : created .gitignore file for the project /home/hyeonjun/AMD/Vivado/source/camera2hdmi_final1.01/camera2hdmi_final1.01/vitis_workspace\n22:09:45 INFO  : updated workspace path: /home/hyeonjun/AMD/Vivado/source/camera2hdmi_final1.01/camera2hdmi_final1.01/vitis_workspace\n22:09:45 INFO  : created .gitignore file for the project /home/hyeonjun/AMD/Vivado/source/camera2hdmi_final1.01/camera2hdmi_final1.01/vitis_workspace\n22:09:45 INFO  : bash, -c, source /home/hyeonjun/AMD/Vitis/2023.2/tps/lnx64/lopper-1.1.0/env/bin/activate && python /home/hyeonjun/AMD/Vitis/2023.2/data/embeddedsw/scripts/pyesw//repo.py -st   /home/hyeonjun/AMD/Vitis/2023.2/data/embeddedsw && deactivate\n22:09:45 INFO  : Traceback (most recent call last):\n22:09:45 INFO  :   File \"/home/hyeonjun/AMD/Vitis/2023.2/data/embeddedsw/scripts/pyesw//repo.py\", line 13, in <module>\n22:09:45 INFO  :     import utils\n22:09:45 INFO  :   File \"/home/hyeonjun/AMD/Vitis/2023.2/data/embeddedsw/scripts/pyesw/utils.py\", line 16, in <module>\n22:09:45 INFO  :     import yaml\n22:09:45 INFO  : ModuleNotFoundError: No module named 'yaml'\n22:09:45 ERROR : Error in Creating Embedded Repositories at '/home/hyeonjun/AMD/Vivado/source/camera2hdmi_final1.01/camera2hdmi_final1.01/vitis_workspace'.\n22:09:45 ERROR : Error in Creating Embedded Repositories at '/home/hyeonjun/AMD/Vivado/source/camera2hdmi_final1.01/camera2hdmi_final1.01/vitis_workspace'.\n22:09:45 INFO  : bash, -c, source /home/hyeonjun/AMD/Vitis/2023.2/tps/lnx64/lopper-1.1.0/env/bin/activate && python /home/hyeonjun/AMD/Vitis/2023.2/data/embeddedsw/scripts/pyesw//repo.py -st   /home/hyeonjun/AMD/Vitis/2023.2/data/embeddedsw && deactivate\n22:09:45 INFO  : Traceback (most recent call last):\n22:09:45 INFO  :   File \"/home/hyeonjun/AMD/Vitis/2023.2/data/embeddedsw/scripts/pyesw//repo.py\", line 13, in <module>\n22:09:45 INFO  :     import utils\n22:09:45 INFO  :   File \"/home/hyeonjun/AMD/Vitis/2023.2/data/embeddedsw/scripts/pyesw/utils.py\", line 16, in <module>\n22:09:45 INFO  :     import yaml\n22:09:45 INFO  : ModuleNotFoundError: No module named 'yaml'\n22:09:45 ERROR : Error in Creating Embedded Repositories at '/home/hyeonjun/AMD/Vivado/source/camera2hdmi_final1.01/camera2hdmi_final1.01/vitis_workspace'.\n22:09:45 ERROR : Error in Creating Embedded Repositories at '/home/hyeonjun/AMD/Vivado/source/camera2hdmi_final1.01/camera2hdmi_final1.01/vitis_workspace'.\n22:09:45 INFO  : Found no platform with name 'my_platform' in install repositories\n",
      "rangeOffset": 18886,
      "forceMoveMarkers": true
    }
  ],
  "eol": "\n",
  "versionId": 2,
  "isUndoing": false,
  "isRedoing": false,
  "isFlush": false
} {"0":"file:///home/hyeonjun/AMD/Vivado/source/camera2hdmi_final1.01/camera2hdmi_final1.01/vitis_workspace/logs/vitis.log"}
2026-03-13 22:09:46 [debug] : MonacoEditorModel.markAsDirty - enter {"0":"file:///home/hyeonjun/AMD/Vivado/source/camera2hdmi_final1.01/camera2hdmi_final1.01/vitis_workspace/logs/vitis.log"}
2026-03-13 22:09:46 [debug] : MonacoEditorModel.markAsDirty - exit - ignoring dirty changes enabled {"0":"file:///home/hyeonjun/AMD/Vivado/source/camera2hdmi_final1.01/camera2hdmi_final1.01/vitis_workspace/logs/vitis.log"}
2026-03-13 22:09:46 [debug] : MonacoEditorModel.fireDidChangeContent - exit {"0":"file:///home/hyeonjun/AMD/Vivado/source/camera2hdmi_final1.01/camera2hdmi_final1.01/vitis_workspace/logs/vitis.log"}
2026-03-13 22:09:46 [debug] : MonacoEditorModel.doSync - exit {"0":"file:///home/hyeonjun/AMD/Vivado/source/camera2hdmi_final1.01/camera2hdmi_final1.01/vitis_workspace/logs/vitis.log"}
2026-03-13 22:09:46 [debug] : Initialize the workbench layout: 665.9 ms [Finished 4.812 s after frontend start] 
2026-03-13 22:09:47 [debug] : Changed application state from 'attached_shell' to 'initialized_layout'. 
2026-03-13 22:09:47 [debug] : Frontend R.onDidInitializeLayout: 0.1 ms [Finished 4.812 s after frontend start] 
2026-03-13 22:09:47 [debug] : Failed to register a menu item for plugin eamodio.gitlens contributed to editor/context/copy {"0":{"command":"gitlens.copyRemoteFileUrlToClipboard","group":"1_gitlens@1","when":"editorTextFocus && gitlens:activeFileStatus =~ /blameable/ && config.gitlens.menus.editor.clipboard"},"1":"Error: Could not find submenu with id editor/context/copy\n    at d.getMenuNode (file:///home/hyeonjun/AMD/Vitis/2023.2/ide/electron-app/lnx64/resources/app/lib/bundle.js:2:2477969)\n    at v.handle (file:///home/hyeonjun/AMD/Vitis/2023.2/ide/electron-app/lnx64/resources/app/lib/bundle.js:2:7319001)\n    at file:///home/hyeonjun/AMD/Vitis/2023.2/ide/electron-app/lnx64/resources/app/lib/bundle.js:2:7338007\n    at o (file:///home/hyeonjun/AMD/Vitis/2023.2/ide/electron-app/lnx64/resources/app/lib/bundle.js:2:7335668)\n    at E.handleContributions (file:///home/hyeonjun/AMD/Vitis/2023.2/ide/electron-app/lnx64/resources/app/lib/bundle.js:2:7337962)\n    at U.loadContributions (file:///home/hyeonjun/AMD/Vitis/2023.2/ide/electron-app/lnx64/resources/app/lib/bundle.js:2:7165295)\n    at U.doLoad (file:///home/hyeonjun/AMD/Vitis/2023.2/ide/electron-app/lnx64/resources/app/lib/bundle.js:2:7163387)\n    at async d.withProgress (file:///home/hyeonjun/AMD/Vitis/2023.2/ide/electron-app/lnx64/resources/app/lib/bundle.js:2:2518042)\n    at async file:///home/hyeonjun/AMD/Vitis/2023.2/ide/electron-app/lnx64/resources/app/lib/bundle.js:2:7160730"}
2026-03-13 22:09:47 [debug] : Failed to register a menu item for plugin eamodio.gitlens contributed to editor/context/copy {"0":{"command":"gitlens.copyRemoteFileUrlFrom","group":"1_gitlens@2","when":"editorTextFocus && gitlens:activeFileStatus =~ /blameable/ && config.gitlens.menus.editor.clipboard"},"1":"Error: Could not find submenu with id editor/context/copy\n    at d.getMenuNode (file:///home/hyeonjun/AMD/Vitis/2023.2/ide/electron-app/lnx64/resources/app/lib/bundle.js:2:2477969)\n    at v.handle (file:///home/hyeonjun/AMD/Vitis/2023.2/ide/electron-app/lnx64/resources/app/lib/bundle.js:2:7319001)\n    at file:///home/hyeonjun/AMD/Vitis/2023.2/ide/electron-app/lnx64/resources/app/lib/bundle.js:2:7338007\n    at o (file:///home/hyeonjun/AMD/Vitis/2023.2/ide/electron-app/lnx64/resources/app/lib/bundle.js:2:7335668)\n    at E.handleContributions (file:///home/hyeonjun/AMD/Vitis/2023.2/ide/electron-app/lnx64/resources/app/lib/bundle.js:2:7337962)\n    at U.loadContributions (file:///home/hyeonjun/AMD/Vitis/2023.2/ide/electron-app/lnx64/resources/app/lib/bundle.js:2:7165295)\n    at U.doLoad (file:///home/hyeonjun/AMD/Vitis/2023.2/ide/electron-app/lnx64/resources/app/lib/bundle.js:2:7163387)\n    at async d.withProgress (file:///home/hyeonjun/AMD/Vitis/2023.2/ide/electron-app/lnx64/resources/app/lib/bundle.js:2:2518042)\n    at async file:///home/hyeonjun/AMD/Vitis/2023.2/ide/electron-app/lnx64/resources/app/lib/bundle.js:2:7160730"}
2026-03-13 22:09:47 [debug] : Failed to register a menu item for plugin eamodio.gitlens contributed to editor/context/copy {"0":{"command":"gitlens.copyRemoteCommitUrl","group":"1_gitlens@3","when":"editorTextFocus && gitlens:activeFileStatus =~ /blameable/ && config.gitlens.menus.editor.clipboard"},"1":"Error: Could not find submenu with id editor/context/copy\n    at d.getMenuNode (file:///home/hyeonjun/AMD/Vitis/2023.2/ide/electron-app/lnx64/resources/app/lib/bundle.js:2:2477969)\n    at v.handle (file:///home/hyeonjun/AMD/Vitis/2023.2/ide/electron-app/lnx64/resources/app/lib/bundle.js:2:7319001)\n    at file:///home/hyeonjun/AMD/Vitis/2023.2/ide/electron-app/lnx64/resources/app/lib/bundle.js:2:7338007\n    at o (file:///home/hyeonjun/AMD/Vitis/2023.2/ide/electron-app/lnx64/resources/app/lib/bundle.js:2:7335668)\n    at E.handleContributions (file:///home/hyeonjun/AMD/Vitis/2023.2/ide/electron-app/lnx64/resources/app/lib/bundle.js:2:7337962)\n    at U.loadContributions (file:///home/hyeonjun/AMD/Vitis/2023.2/ide/electron-app/lnx64/resources/app/lib/bundle.js:2:7165295)\n    at U.doLoad (file:///home/hyeonjun/AMD/Vitis/2023.2/ide/electron-app/lnx64/resources/app/lib/bundle.js:2:7163387)\n    at async d.withProgress (file:///home/hyeonjun/AMD/Vitis/2023.2/ide/electron-app/lnx64/resources/app/lib/bundle.js:2:2518042)\n    at async file:///home/hyeonjun/AMD/Vitis/2023.2/ide/electron-app/lnx64/resources/app/lib/bundle.js:2:7160730"}
2026-03-13 22:09:47 [debug] : Failed to register a menu item for plugin eamodio.gitlens contributed to editor/context/copy {"0":{"command":"gitlens.copyShaToClipboard","group":"2_gitlens@1","when":"editorTextFocus && gitlens:activeFileStatus =~ /blameable/ && config.gitlens.menus.editor.clipboard"},"1":"Error: Could not find submenu with id editor/context/copy\n    at d.getMenuNode (file:///home/hyeonjun/AMD/Vitis/2023.2/ide/electron-app/lnx64/resources/app/lib/bundle.js:2:2477969)\n    at v.handle (file:///home/hyeonjun/AMD/Vitis/2023.2/ide/electron-app/lnx64/resources/app/lib/bundle.js:2:7319001)\n    at file:///home/hyeonjun/AMD/Vitis/2023.2/ide/electron-app/lnx64/resources/app/lib/bundle.js:2:7338007\n    at o (file:///home/hyeonjun/AMD/Vitis/2023.2/ide/electron-app/lnx64/resources/app/lib/bundle.js:2:7335668)\n    at E.handleContributions (file:///home/hyeonjun/AMD/Vitis/2023.2/ide/electron-app/lnx64/resources/app/lib/bundle.js:2:7337962)\n    at U.loadContributions (file:///home/hyeonjun/AMD/Vitis/2023.2/ide/electron-app/lnx64/resources/app/lib/bundle.js:2:7165295)\n    at U.doLoad (file:///home/hyeonjun/AMD/Vitis/2023.2/ide/electron-app/lnx64/resources/app/lib/bundle.js:2:7163387)\n    at async d.withProgress (file:///home/hyeonjun/AMD/Vitis/2023.2/ide/electron-app/lnx64/resources/app/lib/bundle.js:2:2518042)\n    at async file:///home/hyeonjun/AMD/Vitis/2023.2/ide/electron-app/lnx64/resources/app/lib/bundle.js:2:7160730"}
2026-03-13 22:09:47 [debug] : Failed to register a menu item for plugin eamodio.gitlens contributed to editor/context/copy {"0":{"command":"gitlens.copyMessageToClipboard","group":"2_gitlens@2","when":"editorTextFocus && gitlens:activeFileStatus =~ /blameable/ && config.gitlens.menus.editor.clipboard"},"1":"Error: Could not find submenu with id editor/context/copy\n    at d.getMenuNode (file:///home/hyeonjun/AMD/Vitis/2023.2/ide/electron-app/lnx64/resources/app/lib/bundle.js:2:2477969)\n    at v.handle (file:///home/hyeonjun/AMD/Vitis/2023.2/ide/electron-app/lnx64/resources/app/lib/bundle.js:2:7319001)\n    at file:///home/hyeonjun/AMD/Vitis/2023.2/ide/electron-app/lnx64/resources/app/lib/bundle.js:2:7338007\n    at o (file:///home/hyeonjun/AMD/Vitis/2023.2/ide/electron-app/lnx64/resources/app/lib/bundle.js:2:7335668)\n    at E.handleContributions (file:///home/hyeonjun/AMD/Vitis/2023.2/ide/electron-app/lnx64/resources/app/lib/bundle.js:2:7337962)\n    at U.loadContributions (file:///home/hyeonjun/AMD/Vitis/2023.2/ide/electron-app/lnx64/resources/app/lib/bundle.js:2:7165295)\n    at U.doLoad (file:///home/hyeonjun/AMD/Vitis/2023.2/ide/electron-app/lnx64/resources/app/lib/bundle.js:2:7163387)\n    at async d.withProgress (file:///home/hyeonjun/AMD/Vitis/2023.2/ide/electron-app/lnx64/resources/app/lib/bundle.js:2:2518042)\n    at async file:///home/hyeonjun/AMD/Vitis/2023.2/ide/electron-app/lnx64/resources/app/lib/bundle.js:2:7160730"}
2026-03-13 22:09:47 [debug] : Failed to register a menu item for plugin eamodio.gitlens contributed to extension/context {"0":{"command":"gitlens.showWelcomePage","group":"9_gitlens@1","when":"extension =~ /^eamodio.gitlens(-insiders)?$/ && extensionStatus == installed"},"1":"Error: Could not find submenu with id extension/context\n    at d.getMenuNode (file:///home/hyeonjun/AMD/Vitis/2023.2/ide/electron-app/lnx64/resources/app/lib/bundle.js:2:2477969)\n    at v.handle (file:///home/hyeonjun/AMD/Vitis/2023.2/ide/electron-app/lnx64/resources/app/lib/bundle.js:2:7319001)\n    at file:///home/hyeonjun/AMD/Vitis/2023.2/ide/electron-app/lnx64/resources/app/lib/bundle.js:2:7338007\n    at o (file:///home/hyeonjun/AMD/Vitis/2023.2/ide/electron-app/lnx64/resources/app/lib/bundle.js:2:7335668)\n    at E.handleContributions (file:///home/hyeonjun/AMD/Vitis/2023.2/ide/electron-app/lnx64/resources/app/lib/bundle.js:2:7337962)\n    at U.loadContributions (file:///home/hyeonjun/AMD/Vitis/2023.2/ide/electron-app/lnx64/resources/app/lib/bundle.js:2:7165295)\n    at U.doLoad (file:///home/hyeonjun/AMD/Vitis/2023.2/ide/electron-app/lnx64/resources/app/lib/bundle.js:2:7163387)\n    at async d.withProgress (file:///home/hyeonjun/AMD/Vitis/2023.2/ide/electron-app/lnx64/resources/app/lib/bundle.js:2:2518042)\n    at async file:///home/hyeonjun/AMD/Vitis/2023.2/ide/electron-app/lnx64/resources/app/lib/bundle.js:2:7160730"}
2026-03-13 22:09:47 [debug] : Failed to register a menu item for plugin eamodio.gitlens contributed to extension/context {"0":{"command":"gitlens.showSettingsPage","group":"9_gitlens@2","when":"extension =~ /^eamodio.gitlens(-insiders)?$/ && extensionStatus == installed"},"1":"Error: Could not find submenu with id extension/context\n    at d.getMenuNode (file:///home/hyeonjun/AMD/Vitis/2023.2/ide/electron-app/lnx64/resources/app/lib/bundle.js:2:2477969)\n    at v.handle (file:///home/hyeonjun/AMD/Vitis/2023.2/ide/electron-app/lnx64/resources/app/lib/bundle.js:2:7319001)\n    at file:///home/hyeonjun/AMD/Vitis/2023.2/ide/electron-app/lnx64/resources/app/lib/bundle.js:2:7338007\n    at o (file:///home/hyeonjun/AMD/Vitis/2023.2/ide/electron-app/lnx64/resources/app/lib/bundle.js:2:7335668)\n    at E.handleContributions (file:///home/hyeonjun/AMD/Vitis/2023.2/ide/electron-app/lnx64/resources/app/lib/bundle.js:2:7337962)\n    at U.loadContributions (file:///home/hyeonjun/AMD/Vitis/2023.2/ide/electron-app/lnx64/resources/app/lib/bundle.js:2:7165295)\n    at U.doLoad (file:///home/hyeonjun/AMD/Vitis/2023.2/ide/electron-app/lnx64/resources/app/lib/bundle.js:2:7163387)\n    at async d.withProgress (file:///home/hyeonjun/AMD/Vitis/2023.2/ide/electron-app/lnx64/resources/app/lib/bundle.js:2:2518042)\n    at async file:///home/hyeonjun/AMD/Vitis/2023.2/ide/electron-app/lnx64/resources/app/lib/bundle.js:2:7160730"}
2026-03-13 22:09:47 [debug] : Failed to register a menu item for plugin eamodio.gitlens contributed to git.commit {"0":{"command":"gitlens.addAuthors","group":"4_gitlens@1","when":"gitlens:enabled && !gitlens:readonly && config.gitlens.menus.scm.authors"},"1":"Error: Could not find submenu with id git.commit\n    at d.getMenuNode (file:///home/hyeonjun/AMD/Vitis/2023.2/ide/electron-app/lnx64/resources/app/lib/bundle.js:2:2477969)\n    at v.handle (file:///home/hyeonjun/AMD/Vitis/2023.2/ide/electron-app/lnx64/resources/app/lib/bundle.js:2:7319001)\n    at file:///home/hyeonjun/AMD/Vitis/2023.2/ide/electron-app/lnx64/resources/app/lib/bundle.js:2:7338007\n    at o (file:///home/hyeonjun/AMD/Vitis/2023.2/ide/electron-app/lnx64/resources/app/lib/bundle.js:2:7335668)\n    at E.handleContributions (file:///home/hyeonjun/AMD/Vitis/2023.2/ide/electron-app/lnx64/resources/app/lib/bundle.js:2:7337962)\n    at U.loadContributions (file:///home/hyeonjun/AMD/Vitis/2023.2/ide/electron-app/lnx64/resources/app/lib/bundle.js:2:7165295)\n    at U.doLoad (file:///home/hyeonjun/AMD/Vitis/2023.2/ide/electron-app/lnx64/resources/app/lib/bundle.js:2:7163387)\n    at async d.withProgress (file:///home/hyeonjun/AMD/Vitis/2023.2/ide/electron-app/lnx64/resources/app/lib/bundle.js:2:2518042)\n    at async file:///home/hyeonjun/AMD/Vitis/2023.2/ide/electron-app/lnx64/resources/app/lib/bundle.js:2:7160730"}
2026-03-13 22:09:47 [debug] : Failed to register a menu item for plugin eamodio.gitlens contributed to menuBar/edit/copy {"0":{"command":"gitlens.copyRemoteFileUrlToClipboard","group":"1_gitlens@1","when":"gitlens:activeFileStatus =~ /blameable/ && config.gitlens.menus.editor.clipboard"},"1":"Error: Could not find submenu with id menuBar/edit/copy\n    at d.getMenuNode (file:///home/hyeonjun/AMD/Vitis/2023.2/ide/electron-app/lnx64/resources/app/lib/bundle.js:2:2477969)\n    at v.handle (file:///home/hyeonjun/AMD/Vitis/2023.2/ide/electron-app/lnx64/resources/app/lib/bundle.js:2:7319001)\n    at file:///home/hyeonjun/AMD/Vitis/2023.2/ide/electron-app/lnx64/resources/app/lib/bundle.js:2:7338007\n    at o (file:///home/hyeonjun/AMD/Vitis/2023.2/ide/electron-app/lnx64/resources/app/lib/bundle.js:2:7335668)\n    at E.handleContributions (file:///home/hyeonjun/AMD/Vitis/2023.2/ide/electron-app/lnx64/resources/app/lib/bundle.js:2:7337962)\n    at U.loadContributions (file:///home/hyeonjun/AMD/Vitis/2023.2/ide/electron-app/lnx64/resources/app/lib/bundle.js:2:7165295)\n    at U.doLoad (file:///home/hyeonjun/AMD/Vitis/2023.2/ide/electron-app/lnx64/resources/app/lib/bundle.js:2:7163387)\n    at async d.withProgress (file:///home/hyeonjun/AMD/Vitis/2023.2/ide/electron-app/lnx64/resources/app/lib/bundle.js:2:2518042)\n    at async file:///home/hyeonjun/AMD/Vitis/2023.2/ide/electron-app/lnx64/resources/app/lib/bundle.js:2:7160730"}
2026-03-13 22:09:47 [debug] : Failed to register a menu item for plugin eamodio.gitlens contributed to menuBar/edit/copy {"0":{"command":"gitlens.copyRemoteFileUrlFrom","group":"1_gitlens@2","when":"gitlens:activeFileStatus =~ /blameable/ && config.gitlens.menus.editor.clipboard"},"1":"Error: Could not find submenu with id menuBar/edit/copy\n    at d.getMenuNode (file:///home/hyeonjun/AMD/Vitis/2023.2/ide/electron-app/lnx64/resources/app/lib/bundle.js:2:2477969)\n    at v.handle (file:///home/hyeonjun/AMD/Vitis/2023.2/ide/electron-app/lnx64/resources/app/lib/bundle.js:2:7319001)\n    at file:///home/hyeonjun/AMD/Vitis/2023.2/ide/electron-app/lnx64/resources/app/lib/bundle.js:2:7338007\n    at o (file:///home/hyeonjun/AMD/Vitis/2023.2/ide/electron-app/lnx64/resources/app/lib/bundle.js:2:7335668)\n    at E.handleContributions (file:///home/hyeonjun/AMD/Vitis/2023.2/ide/electron-app/lnx64/resources/app/lib/bundle.js:2:7337962)\n    at U.loadContributions (file:///home/hyeonjun/AMD/Vitis/2023.2/ide/electron-app/lnx64/resources/app/lib/bundle.js:2:7165295)\n    at U.doLoad (file:///home/hyeonjun/AMD/Vitis/2023.2/ide/electron-app/lnx64/resources/app/lib/bundle.js:2:7163387)\n    at async d.withProgress (file:///home/hyeonjun/AMD/Vitis/2023.2/ide/electron-app/lnx64/resources/app/lib/bundle.js:2:2518042)\n    at async file:///home/hyeonjun/AMD/Vitis/2023.2/ide/electron-app/lnx64/resources/app/lib/bundle.js:2:7160730"}
2026-03-13 22:09:47 [debug] : [2baf16ed-604e-45b3-aea6-84830589d7a4][eamodio.gitlens]: Loaded contributions. 
2026-03-13 22:09:47 [debug] : [2baf16ed-604e-45b3-aea6-84830589d7a4][xilinx.rigel-config-vscode]: Loaded contributions. 
2026-03-13 22:09:47 [debug] : [2baf16ed-604e-45b3-aea6-84830589d7a4][xilinx.rigel-hls-l1-library-vscode]: Loaded contributions. 
2026-03-13 22:09:47 [debug] : [2baf16ed-604e-45b3-aea6-84830589d7a4][xilinx.rigel-hls-pragma]: Loaded contributions. 
2026-03-13 22:09:47 [debug] : Failed to register a menu item for plugin xilinx.tcf-debug contributed to editor/title/run {"0":{"command":"extension.tcf-debug.debugEditorContents","group":"navigation@2","when":"resourceLangId == cpp || resourceLangId == c"},"1":"Error: Could not find submenu with id editor/title/run\n    at d.getMenuNode (file:///home/hyeonjun/AMD/Vitis/2023.2/ide/electron-app/lnx64/resources/app/lib/bundle.js:2:2477969)\n    at v.handle (file:///home/hyeonjun/AMD/Vitis/2023.2/ide/electron-app/lnx64/resources/app/lib/bundle.js:2:7319001)\n    at file:///home/hyeonjun/AMD/Vitis/2023.2/ide/electron-app/lnx64/resources/app/lib/bundle.js:2:7338007\n    at o (file:///home/hyeonjun/AMD/Vitis/2023.2/ide/electron-app/lnx64/resources/app/lib/bundle.js:2:7335668)\n    at E.handleContributions (file:///home/hyeonjun/AMD/Vitis/2023.2/ide/electron-app/lnx64/resources/app/lib/bundle.js:2:7337962)\n    at U.loadContributions (file:///home/hyeonjun/AMD/Vitis/2023.2/ide/electron-app/lnx64/resources/app/lib/bundle.js:2:7165295)\n    at U.doLoad (file:///home/hyeonjun/AMD/Vitis/2023.2/ide/electron-app/lnx64/resources/app/lib/bundle.js:2:7163387)\n    at async d.withProgress (file:///home/hyeonjun/AMD/Vitis/2023.2/ide/electron-app/lnx64/resources/app/lib/bundle.js:2:2518042)\n    at async file:///home/hyeonjun/AMD/Vitis/2023.2/ide/electron-app/lnx64/resources/app/lib/bundle.js:2:7160730"}
2026-03-13 22:09:47 [debug] : [2baf16ed-604e-45b3-aea6-84830589d7a4][xilinx.tcf-debug]: Loaded contributions. 
2026-03-13 22:09:47 [debug] : [2baf16ed-604e-45b3-aea6-84830589d7a4][twxs.cmake]: Loaded contributions. 
2026-03-13 22:09:47 [debug] : [2baf16ed-604e-45b3-aea6-84830589d7a4][vscode.cpp]: Loaded contributions. 
2026-03-13 22:09:47 [debug] : [2baf16ed-604e-45b3-aea6-84830589d7a4][vscode.github]: Loaded contributions. 
2026-03-13 22:09:47 [debug] : [2baf16ed-604e-45b3-aea6-84830589d7a4][vscode.github-authentication]: Loaded contributions. 
2026-03-13 22:09:47 [debug] : [2baf16ed-604e-45b3-aea6-84830589d7a4][vscode.json]: Loaded contributions. 
2026-03-13 22:09:47 [debug] : Preference name collision detected in the schema for property: [json] 
2026-03-13 22:09:47 [debug] : Preference name collision detected in the schema for property: [jsonc] 
2026-03-13 22:09:47 [debug] : [2baf16ed-604e-45b3-aea6-84830589d7a4][vscode.json-language-features]: Loaded contributions. 
2026-03-13 22:09:47 [debug] : [2baf16ed-604e-45b3-aea6-84830589d7a4][llvm-vs-code-extensions.vscode-clangd]: Loaded contributions. 
2026-03-13 22:09:47 [debug] : [2baf16ed-604e-45b3-aea6-84830589d7a4][pkief.material-icon-theme]: Loaded contributions. 
2026-03-13 22:09:47 [debug] : [2baf16ed-604e-45b3-aea6-84830589d7a4][webfreak.debug]: Loaded contributions. 
2026-03-13 22:09:47 [debug] : Failed to register a menu item for plugin vscode.git contributed to scm/sourceControl {"0":{"command":"git.close","group":"navigation","when":"scmProvider == git"},"1":"Error: Could not find submenu with id scm/sourceControl\n    at d.getMenuNode (file:///home/hyeonjun/AMD/Vitis/2023.2/ide/electron-app/lnx64/resources/app/lib/bundle.js:2:2477969)\n    at v.handle (file:///home/hyeonjun/AMD/Vitis/2023.2/ide/electron-app/lnx64/resources/app/lib/bundle.js:2:7319001)\n    at file:///home/hyeonjun/AMD/Vitis/2023.2/ide/electron-app/lnx64/resources/app/lib/bundle.js:2:7338007\n    at o (file:///home/hyeonjun/AMD/Vitis/2023.2/ide/electron-app/lnx64/resources/app/lib/bundle.js:2:7335668)\n    at E.handleContributions (file:///home/hyeonjun/AMD/Vitis/2023.2/ide/electron-app/lnx64/resources/app/lib/bundle.js:2:7337962)\n    at U.loadContributions (file:///home/hyeonjun/AMD/Vitis/2023.2/ide/electron-app/lnx64/resources/app/lib/bundle.js:2:7165295)\n    at U.doLoad (file:///home/hyeonjun/AMD/Vitis/2023.2/ide/electron-app/lnx64/resources/app/lib/bundle.js:2:7163387)\n    at async d.withProgress (file:///home/hyeonjun/AMD/Vitis/2023.2/ide/electron-app/lnx64/resources/app/lib/bundle.js:2:2518042)\n    at async file:///home/hyeonjun/AMD/Vitis/2023.2/ide/electron-app/lnx64/resources/app/lib/bundle.js:2:7160730"}
2026-03-13 22:09:47 [debug] : Failed to register a menu item for plugin vscode.git contributed to scm/change/title {"0":{"command":"git.stageChange","when":"config.git.enabled && !git.missing && originalResourceScheme == git"},"1":"Error: Could not find submenu with id scm/change/title\n    at d.getMenuNode (file:///home/hyeonjun/AMD/Vitis/2023.2/ide/electron-app/lnx64/resources/app/lib/bundle.js:2:2477969)\n    at v.handle (file:///home/hyeonjun/AMD/Vitis/2023.2/ide/electron-app/lnx64/resources/app/lib/bundle.js:2:7319001)\n    at file:///home/hyeonjun/AMD/Vitis/2023.2/ide/electron-app/lnx64/resources/app/lib/bundle.js:2:7338007\n    at o (file:///home/hyeonjun/AMD/Vitis/2023.2/ide/electron-app/lnx64/resources/app/lib/bundle.js:2:7335668)\n    at E.handleContributions (file:///home/hyeonjun/AMD/Vitis/2023.2/ide/electron-app/lnx64/resources/app/lib/bundle.js:2:7337962)\n    at U.loadContributions (file:///home/hyeonjun/AMD/Vitis/2023.2/ide/electron-app/lnx64/resources/app/lib/bundle.js:2:7165295)\n    at U.doLoad (file:///home/hyeonjun/AMD/Vitis/2023.2/ide/electron-app/lnx64/resources/app/lib/bundle.js:2:7163387)\n    at async d.withProgress (file:///home/hyeonjun/AMD/Vitis/2023.2/ide/electron-app/lnx64/resources/app/lib/bundle.js:2:2518042)\n    at async file:///home/hyeonjun/AMD/Vitis/2023.2/ide/electron-app/lnx64/resources/app/lib/bundle.js:2:7160730"}
2026-03-13 22:09:47 [debug] : Failed to register a menu item for plugin vscode.git contributed to scm/change/title {"0":{"command":"git.revertChange","when":"config.git.enabled && !git.missing && originalResourceScheme == git"},"1":"Error: Could not find submenu with id scm/change/title\n    at d.getMenuNode (file:///home/hyeonjun/AMD/Vitis/2023.2/ide/electron-app/lnx64/resources/app/lib/bundle.js:2:2477969)\n    at v.handle (file:///home/hyeonjun/AMD/Vitis/2023.2/ide/electron-app/lnx64/resources/app/lib/bundle.js:2:7319001)\n    at file:///home/hyeonjun/AMD/Vitis/2023.2/ide/electron-app/lnx64/resources/app/lib/bundle.js:2:7338007\n    at o (file:///home/hyeonjun/AMD/Vitis/2023.2/ide/electron-app/lnx64/resources/app/lib/bundle.js:2:7335668)\n    at E.handleContributions (file:///home/hyeonjun/AMD/Vitis/2023.2/ide/electron-app/lnx64/resources/app/lib/bundle.js:2:7337962)\n    at U.loadContributions (file:///home/hyeonjun/AMD/Vitis/2023.2/ide/electron-app/lnx64/resources/app/lib/bundle.js:2:7165295)\n    at U.doLoad (file:///home/hyeonjun/AMD/Vitis/2023.2/ide/electron-app/lnx64/resources/app/lib/bundle.js:2:7163387)\n    at async d.withProgress (file:///home/hyeonjun/AMD/Vitis/2023.2/ide/electron-app/lnx64/resources/app/lib/bundle.js:2:2518042)\n    at async file:///home/hyeonjun/AMD/Vitis/2023.2/ide/electron-app/lnx64/resources/app/lib/bundle.js:2:7160730"}
2026-03-13 22:09:47 [debug] : [2baf16ed-604e-45b3-aea6-84830589d7a4][vscode.git]: Loaded contributions. 
2026-03-13 22:09:47 [debug] : [2baf16ed-604e-45b3-aea6-84830589d7a4][vscode.make]: Loaded contributions. 
2026-03-13 22:09:47 [debug] : [2baf16ed-604e-45b3-aea6-84830589d7a4] Load contributions of 16 plugins: 298.7 ms [Finished 5.117 s after frontend start] 
2026-03-13 22:09:47 [debug] : Frontend w.onDidInitializeLayout: 26.6 ms [Finished 5.145 s after frontend start] 
2026-03-13 22:09:47 [debug] : Frontend h.onDidInitializeLayout: 7.7 ms [Finished 5.163 s after frontend start] 
2026-03-13 22:09:47 [debug] : Frontend j.onDidInitializeLayout: 11.3 ms [Finished 5.180 s after frontend start] 
2026-03-13 22:09:47 [debug] : Error: view container is disposed
    at n.get containerLayout [as containerLayout] (file:///home/hyeonjun/AMD/Vitis/2023.2/ide/electron-app/lnx64/resources/app/lib/bundle.js:2:2365697)
    at n.getParts (file:///home/hyeonjun/AMD/Vitis/2023.2/ide/electron-app/lnx64/resources/app/lib/bundle.js:2:2365455)
    at n.getTrackableWidgets (file:///home/hyeonjun/AMD/Vitis/2023.2/ide/electron-app/lnx64/resources/app/lib/bundle.js:2:2368813)
    at R.prepareViewContainer (file:///home/hyeonjun/AMD/Vitis/2023.2/ide/electron-app/lnx64/resources/app/lib/bundle.js:2:7431945)
    at async file:///home/hyeonjun/AMD/Vitis/2023.2/ide/electron-app/lnx64/resources/app/lib/bundle.js:2:7434106
    at async Promise.all (index 2)
    at async R.initWidgets (file:///home/hyeonjun/AMD/Vitis/2023.2/ide/electron-app/lnx64/resources/app/lib/bundle.js:2:7434768)
    at async U.doLoad (file:///home/hyeonjun/AMD/Vitis/2023.2/ide/electron-app/lnx64/resources/app/lib/bundle.js:2:7163408)
    at async d.withProgress (file:///home/hyeonjun/AMD/Vitis/2023.2/ide/electron-app/lnx64/resources/app/lib/bundle.js:2:2518042)
    at async file:///home/hyeonjun/AMD/Vitis/2023.2/ide/electron-app/lnx64/resources/app/lib/bundle.js:2:7160730 
2026-03-13 22:09:47 [debug] : Frontend f.onDidInitializeLayout: 0.2 ms [Finished 5.195 s after frontend start] 
2026-03-13 22:09:47 [debug] : Theia configuration directory file:///home/hyeonjun/.Xilinx/Vitis/2023.2/.vitisng' 
2026-03-13 22:09:47 [debug] : Theia configuration directory file:///home/hyeonjun/.Xilinx/Vitis/2023.2/.vitisng' 
2026-03-13 22:09:47 [debug] : Theia configuration directory file:///home/hyeonjun/.Xilinx/Vitis/2023.2/.vitisng' 
2026-03-13 22:09:47 [debug] : Theia configuration directory file:///home/hyeonjun/.Xilinx/Vitis/2023.2/.vitisng' 
2026-03-13 22:09:47 [debug] : 'cpp' language is remapped from 'source.cpp.embedded.macro' to 'source.cpp' scope 
2026-03-13 22:09:47 [debug] : a registered grammar configuration for 'cpp' language is overridden 
2026-03-13 22:09:47 [debug] : f.registerSchemas is taking more than 500.0 ms, new schemas are ignored. 
2026-03-13 22:09:47 [debug] : MonacoEditorModel.fireDidChangeContent - enter - {
  "changes": [
    {
      "range": {
        "startLineNumber": 3,
        "startColumn": 29,
        "endLineNumber": 3,
        "endColumn": 37
      },
      "rangeLength": 8,
      "text": "\"custom\"",
      "rangeOffset": 83,
      "forceMoveMarkers": false
    }
  ],
  "eol": "\n",
  "versionId": 2,
  "isUndoing": false,
  "isRedoing": false,
  "isFlush": false
} {"0":"user-storage:/user/settings.json"}
2026-03-13 22:09:47 [debug] : MonacoEditorModel.markAsDirty - enter {"0":"user-storage:/user/settings.json"}
2026-03-13 22:09:47 [debug] : MonacoEditorModel.cancelSync {"0":"user-storage:/user/settings.json"}
2026-03-13 22:09:47 [debug] : MonacoEditorModel.cancelSave {"0":"user-storage:/user/settings.json"}
2026-03-13 22:09:47 [debug] : MonacoEditorModel.markAsDirty - exit {"0":"user-storage:/user/settings.json"}
2026-03-13 22:09:47 [debug] : MonacoEditorModel.fireDidChangeContent - exit {"0":"user-storage:/user/settings.json"}
2026-03-13 22:09:47 [debug] : MonacoEditorModel.cancelSave {"0":"user-storage:/user/settings.json"}
2026-03-13 22:09:47 [debug] : MonacoEditorModel.cancelSave {"0":"user-storage:/user/settings.json"}
2026-03-13 22:09:47 [debug] : Opening channel for service path '/services/keytar'. 
2026-03-13 22:09:47 [debug] : Theia configuration directory file:///home/hyeonjun/.Xilinx/Vitis/2023.2/.vitisng' 
2026-03-13 22:09:47 [debug] : getTasks(): about to return task information for 0 tasks 
2026-03-13 22:09:47 [debug] : Theia configuration directory file:///home/hyeonjun/.Xilinx/Vitis/2023.2/.vitisng' 
2026-03-13 22:09:47 [debug] : Theia configuration directory file:///home/hyeonjun/.Xilinx/Vitis/2023.2/.vitisng' 
2026-03-13 22:09:47 [debug] : Theia configuration directory file:///home/hyeonjun/.Xilinx/Vitis/2023.2/.vitisng' 
2026-03-13 22:09:47 [debug] : MonacoEditorModel.cancelSync {"0":"file:///home/hyeonjun/AMD/Vivado/source/camera2hdmi_final1.01/camera2hdmi_final1.01/vitis_workspace/.theia/settings.json"}
2026-03-13 22:09:47 [debug] : MonacoEditorModel.cancelSave {"0":"file:///home/hyeonjun/AMD/Vivado/source/camera2hdmi_final1.01/camera2hdmi_final1.01/vitis_workspace/.theia/settings.json"}
2026-03-13 22:09:47 [debug] : [hosted-plugin: 45230] PLUGIN_HOST(45230): PluginManagerExtImpl/init()
PLUGIN_HOST(45230): initializing(gitlens@11.7.0 with /home/hyeonjun/AMD/Vitis/2023.2/ide/electron-app/lnx64/resources/app/node_modules/@theia/plugin-ext-vscode/lib/node/plugin-vscode-init)
PLUGIN_HOST(45230): initializing(rigel-config-vscode@0.0.0 with /home/hyeonjun/AMD/Vitis/2023.2/ide/electron-app/lnx64/resources/app/node_modules/@theia/plugin-ext-vscode/lib/node/plugin-vscode-init)
PLUGIN_HOST(45230): initializing(rigel-hls-l1-library-vscode@0.0.0 with /home/hyeonjun/AMD/Vitis/2023.2/ide/electron-app/lnx64/resources/app/node_modules/@theia/plugin-ext-vscode/lib/node/plugin-vscode-init) 
2026-03-13 22:09:47 [debug] : [hosted-plugin: 45230] PLUGIN_HOST(45230): initializing(rigel-hls-pragma@0.0.0 with /home/hyeonjun/AMD/Vitis/2023.2/ide/electron-app/lnx64/resources/app/node_modules/@theia/plugin-ext-vscode/lib/node/plugin-vscode-init)
PLUGIN_HOST(45230): initializing(tcf-debug@0.0.1 with /home/hyeonjun/AMD/Vitis/2023.2/ide/electron-app/lnx64/resources/app/node_modules/@theia/plugin-ext-vscode/lib/node/plugin-vscode-init)
Debugger contribution has been registered: tcf-debug 
2026-03-13 22:09:47 [debug] : MonacoEditorModel.cancelSync {"0":"user-storage:/user/settings.json"}
2026-03-13 22:09:47 [debug] : MonacoEditorModel.cancelSave {"0":"user-storage:/user/settings.json"}
2026-03-13 22:09:47 [debug] : [hosted-plugin: 45230] PLUGIN_HOST(45230): initializing(cmake@0.0.17 with /home/hyeonjun/AMD/Vitis/2023.2/ide/electron-app/lnx64/resources/app/node_modules/@theia/plugin-ext-vscode/lib/node/plugin-vscode-init)
PLUGIN_HOST(45230): initializing(cpp@1.52.1 with /home/hyeonjun/AMD/Vitis/2023.2/ide/electron-app/lnx64/resources/app/node_modules/@theia/plugin-ext-vscode/lib/node/plugin-vscode-init)
PLUGIN_HOST(45230): initializing(github@1.62.3 with /home/hyeonjun/AMD/Vitis/2023.2/ide/electron-app/lnx64/resources/app/node_modules/@theia/plugin-ext-vscode/lib/node/plugin-vscode-init)
PLUGIN_HOST(45230): initializing(github-authentication@1.62.3 with /home/hyeonjun/AMD/Vitis/2023.2/ide/electron-app/lnx64/resources/app/node_modules/@theia/plugin-ext-vscode/lib/node/plugin-vscode-init) 
2026-03-13 22:09:47 [debug] : [hosted-plugin: 45230] PLUGIN_HOST(45230): initializing(json@1.52.1 with /home/hyeonjun/AMD/Vitis/2023.2/ide/electron-app/lnx64/resources/app/node_modules/@theia/plugin-ext-vscode/lib/node/plugin-vscode-init)
PLUGIN_HOST(45230): initializing(json-language-features@1.52.1 with /home/hyeonjun/AMD/Vitis/2023.2/ide/electron-app/lnx64/resources/app/node_modules/@theia/plugin-ext-vscode/lib/node/plugin-vscode-init) 
2026-03-13 22:09:47 [debug] : [hosted-plugin: 45230] PLUGIN_HOST(45230): initializing(vscode-clangd@0.1.15 with /home/hyeonjun/AMD/Vitis/2023.2/ide/electron-app/lnx64/resources/app/node_modules/@theia/plugin-ext-vscode/lib/node/plugin-vscode-init) 
2026-03-13 22:09:47 [debug] : [hosted-plugin: 45230] PLUGIN_HOST(45230): initializing(material-icon-theme@4.11.0 with /home/hyeonjun/AMD/Vitis/2023.2/ide/electron-app/lnx64/resources/app/node_modules/@theia/plugin-ext-vscode/lib/node/plugin-vscode-init) 
2026-03-13 22:09:47 [debug] : [hosted-plugin: 45230] PLUGIN_HOST(45230): initializing(debug@0.26.1 with /home/hyeonjun/AMD/Vitis/2023.2/ide/electron-app/lnx64/resources/app/node_modules/@theia/plugin-ext-vscode/lib/node/plugin-vscode-init) 
2026-03-13 22:09:47 [debug] : [hosted-plugin: 45230] Debugger contribution has been registered: gdb
Debugger contribution has been registered: lldb-mi
Debugger contribution has been registered: mago-mi 
2026-03-13 22:09:47 [debug] : [hosted-plugin: 45230] PLUGIN_HOST(45230): initializing(git@1.62.3 with /home/hyeonjun/AMD/Vitis/2023.2/ide/electron-app/lnx64/resources/app/node_modules/@theia/plugin-ext-vscode/lib/node/plugin-vscode-init) 
2026-03-13 22:09:47 [debug] : [hosted-plugin: 45230] PLUGIN_HOST(45230): initializing(make@1.79.0 with /home/hyeonjun/AMD/Vitis/2023.2/ide/electron-app/lnx64/resources/app/node_modules/@theia/plugin-ext-vscode/lib/node/plugin-vscode-init) 
2026-03-13 22:09:47 [debug] : [hosted-plugin: 45230] Unsupported activation events: oncommand:gitlens.copyCurrentBranch, please open an issue: https://github.com/eclipse-theia/theia/issues/new 
2026-03-13 22:09:47 [debug] : [hosted-plugin: 45230] PLUGIN_HOST(45230): PluginManagerExtImpl/loadPlugin(/home/hyeonjun/AMD/Vitis/2023.2/ide/electron-app/lnx64/resources/app/plugins/vscode.git/extension/dist/main) 
2026-03-13 22:09:47 [debug] : [hosted-plugin: 45230] PLUGIN_HOST(45230): PluginManagerExtImpl/loadPlugin(/home/hyeonjun/AMD/Vitis/2023.2/ide/electron-app/lnx64/resources/app/plugins/vscode-builtin-github/extension/dist/extension.js) 
2026-03-13 22:09:47 [debug] : Frontend application start: 2938.3 ms [Finished 201.843 s after backend start] 
2026-03-13 22:09:47 [debug] : Replace loading indicator with ready workbench UI (animation): 904.9 ms [Finished 6.105 s after frontend start] 
2026-03-13 22:09:47 [debug] : Changed application state from 'initialized_layout' to 'ready'. 
2026-03-13 22:09:48 [debug] : [hosted-plugin: 45230] PLUGIN_HOST(45230): PluginManagerExtImpl/loadPlugin(/home/hyeonjun/AMD/Vitis/2023.2/ide/electron-app/lnx64/resources/app/plugins/vscode-builtin-json-language-features/extension/client/dist/node/jsonClientMain) 
2026-03-13 22:09:48 [debug] : [hosted-plugin: 45230] ApplicationInsights:CorrelationIdManager [
  Error: Failed to establish a socket connection to proxies: ["https://dc.services.visualstudio.com/api/profiles/AIF-d9b70cd4-b9f9-4d70-929b-a071c400b217/appId"]
      at _PacProxyAgent.<anonymous> (/home/hyeonjun/AMD/Vitis/2023.2/ide/electron-app/lnx64/resources/app/node_modules/vscode-proxy-agent/out/agent.js:141:19)
      at Generator.next (<anonymous>)
      at fulfilled (/home/hyeonjun/AMD/Vitis/2023.2/ide/electron-app/lnx64/resources/app/node_modules/vscode-proxy-agent/out/agent.js:5:58)
] 
2026-03-13 22:09:48 [debug] : [2baf16ed-604e-45b3-aea6-84830589d7a4][eamodio.gitlens]: Started plugin. 
2026-03-13 22:09:48 [debug] : [2baf16ed-604e-45b3-aea6-84830589d7a4][xilinx.rigel-config-vscode]: Started plugin. 
2026-03-13 22:09:48 [debug] : [2baf16ed-604e-45b3-aea6-84830589d7a4][xilinx.rigel-hls-l1-library-vscode]: Started plugin. 
2026-03-13 22:09:48 [debug] : [2baf16ed-604e-45b3-aea6-84830589d7a4][xilinx.rigel-hls-pragma]: Started plugin. 
2026-03-13 22:09:48 [debug] : [2baf16ed-604e-45b3-aea6-84830589d7a4][xilinx.tcf-debug]: Started plugin. 
2026-03-13 22:09:48 [debug] : [2baf16ed-604e-45b3-aea6-84830589d7a4][twxs.cmake]: Started plugin. 
2026-03-13 22:09:48 [debug] : [2baf16ed-604e-45b3-aea6-84830589d7a4][vscode.cpp]: Started plugin. 
2026-03-13 22:09:48 [debug] : [2baf16ed-604e-45b3-aea6-84830589d7a4][vscode.github]: Started plugin. 
2026-03-13 22:09:48 [debug] : [2baf16ed-604e-45b3-aea6-84830589d7a4][vscode.github-authentication]: Started plugin. 
2026-03-13 22:09:48 [debug] : [2baf16ed-604e-45b3-aea6-84830589d7a4][vscode.json]: Started plugin. 
2026-03-13 22:09:48 [debug] : [2baf16ed-604e-45b3-aea6-84830589d7a4][vscode.json-language-features]: Started plugin. 
2026-03-13 22:09:48 [debug] : [2baf16ed-604e-45b3-aea6-84830589d7a4][llvm-vs-code-extensions.vscode-clangd]: Started plugin. 
2026-03-13 22:09:48 [debug] : [2baf16ed-604e-45b3-aea6-84830589d7a4][pkief.material-icon-theme]: Started plugin. 
2026-03-13 22:09:48 [debug] : [2baf16ed-604e-45b3-aea6-84830589d7a4][webfreak.debug]: Started plugin. 
2026-03-13 22:09:48 [debug] : [2baf16ed-604e-45b3-aea6-84830589d7a4][vscode.git]: Started plugin. 
2026-03-13 22:09:48 [debug] : [2baf16ed-604e-45b3-aea6-84830589d7a4][vscode.make]: Started plugin. 
2026-03-13 22:09:48 [debug] : [hosted-plugin: 45230] PLUGIN_HOST(45230): PluginManagerExtImpl/loadPlugin(/home/hyeonjun/AMD/Vitis/2023.2/ide/electron-app/lnx64/resources/app/plugins/vscode-material-icon-theme/extension/dist/extension) 
2026-03-13 22:09:48 [debug] : [hosted-plugin: 45230] PLUGIN_HOST(45230): PluginManagerExtImpl/loadPlugin(/home/hyeonjun/AMD/Vitis/2023.2/ide/electron-app/lnx64/resources/app/plugins/eamodio-gitlens/extension/dist/gitlens) 
2026-03-13 22:09:48 [debug] : command 'gitlens.clearFileAnnotations' already registered 
2026-03-13 22:09:48 [debug] : command 'gitlens.computingFileAnnotations' already registered 
2026-03-13 22:09:48 [debug] : [2baf16ed-604e-45b3-aea6-84830589d7a4] Start of 16 plugins: 1291.8 ms [Finished 6.524 s after frontend start] 
2026-03-13 22:09:50 [debug] : [ProjectDecorator] tree decoration updated 
2026-03-13 22:09:50 [debug] : [ProjectCache] Project location updated to /home/hyeonjun/AMD/Vivado/source/camera2hdmi_final1.01/camera2hdmi_final1.01/vitis_workspace/camera_app 
2026-03-13 22:09:50 [debug] : RIGEL SERVER 22:09:50 INFO  : Found no platform with name 'my_platform' in install repositories 
2026-03-13 22:09:50 [debug] : Request getPlatform failed with error: 3 INVALID_ARGUMENT: Could not find platform at /home/hyw75/camera2hdmi_final/vitis_workspace/my_platform/export/my_platform/my_platform.xpfm {"0":"Error: 3 INVALID_ARGUMENT: Could not find platform at /home/hyw75/camera2hdmi_final/vitis_workspace/my_platform/export/my_platform/my_platform.xpfm\n    at Object.callErrorFromStatus (/home/hyeonjun/AMD/Vitis/2023.2/ide/electron-app/lnx64/resources/app/node_modules/@grpc/grpc-js/build/src/call.js:31:26)\n    at Object.onReceiveStatus (/home/hyeonjun/AMD/Vitis/2023.2/ide/electron-app/lnx64/resources/app/node_modules/@grpc/grpc-js/build/src/client.js:180:52)\n    at Object.onReceiveStatus (/home/hyeonjun/AMD/Vitis/2023.2/ide/electron-app/lnx64/resources/app/node_modules/@grpc/grpc-js/build/src/client-interceptors.js:336:141)\n    at Object.onReceiveStatus (/home/hyeonjun/AMD/Vitis/2023.2/ide/electron-app/lnx64/resources/app/node_modules/@grpc/grpc-js/build/src/client-interceptors.js:299:181)\n    at /home/hyeonjun/AMD/Vitis/2023.2/ide/electron-app/lnx64/resources/app/node_modules/@grpc/grpc-js/build/src/call-stream.js:160:78\n    at processTicksAndRejections (node:internal/process/task_queues:78:11)"}
2026-03-13 22:09:50 [debug] : MonacoEditorModel.cancelSync {"0":"file:///home/hyeonjun/AMD/Vivado/source/camera2hdmi_final1.01/camera2hdmi_final1.01/vitis_workspace/logs/vitis.log"}
2026-03-13 22:09:50 [debug] : MonacoEditorModel.doSync - enter {"0":"file:///home/hyeonjun/AMD/Vivado/source/camera2hdmi_final1.01/camera2hdmi_final1.01/vitis_workspace/logs/vitis.log"}
2026-03-13 22:09:50 [debug] : MonacoEditorModel.fireDidChangeContent - enter - {
  "changes": [
    {
      "range": {
        "startLineNumber": 175,
        "startColumn": 1,
        "endLineNumber": 175,
        "endColumn": 1
      },
      "rangeLength": 0,
      "text": "22:09:50 INFO  : Found no platform with name 'my_platform' in install repositories\n",
      "rangeOffset": 21373,
      "forceMoveMarkers": true
    }
  ],
  "eol": "\n",
  "versionId": 3,
  "isUndoing": false,
  "isRedoing": false,
  "isFlush": false
} {"0":"file:///home/hyeonjun/AMD/Vivado/source/camera2hdmi_final1.01/camera2hdmi_final1.01/vitis_workspace/logs/vitis.log"}
2026-03-13 22:09:50 [debug] : MonacoEditorModel.markAsDirty - enter {"0":"file:///home/hyeonjun/AMD/Vivado/source/camera2hdmi_final1.01/camera2hdmi_final1.01/vitis_workspace/logs/vitis.log"}
2026-03-13 22:09:50 [debug] : MonacoEditorModel.markAsDirty - exit - ignoring dirty changes enabled {"0":"file:///home/hyeonjun/AMD/Vivado/source/camera2hdmi_final1.01/camera2hdmi_final1.01/vitis_workspace/logs/vitis.log"}
2026-03-13 22:09:50 [debug] : MonacoEditorModel.fireDidChangeContent - exit {"0":"file:///home/hyeonjun/AMD/Vivado/source/camera2hdmi_final1.01/camera2hdmi_final1.01/vitis_workspace/logs/vitis.log"}
2026-03-13 22:09:50 [debug] : MonacoEditorModel.doSync - exit {"0":"file:///home/hyeonjun/AMD/Vivado/source/camera2hdmi_final1.01/camera2hdmi_final1.01/vitis_workspace/logs/vitis.log"}
2026-03-13 22:09:51 [debug] : [ProjectDecorator] tree decoration updated 
2026-03-13 22:09:51 [debug] : [ProjectCache] Project location updated to /home/hyeonjun/AMD/Vivado/source/camera2hdmi_final1.01/camera2hdmi_final1.01/vitis_workspace/camera_app 
2026-03-13 22:09:51 [debug] : RIGEL SERVER 22:09:51 INFO  : Found no platform with name 'my_platform' in install repositories 
2026-03-13 22:09:51 [debug] : Request getPlatform failed with error: 3 INVALID_ARGUMENT: Could not find platform at /home/hyw75/camera2hdmi_final/vitis_workspace/my_platform/export/my_platform/my_platform.xpfm {"0":"Error: 3 INVALID_ARGUMENT: Could not find platform at /home/hyw75/camera2hdmi_final/vitis_workspace/my_platform/export/my_platform/my_platform.xpfm\n    at Object.callErrorFromStatus (/home/hyeonjun/AMD/Vitis/2023.2/ide/electron-app/lnx64/resources/app/node_modules/@grpc/grpc-js/build/src/call.js:31:26)\n    at Object.onReceiveStatus (/home/hyeonjun/AMD/Vitis/2023.2/ide/electron-app/lnx64/resources/app/node_modules/@grpc/grpc-js/build/src/client.js:180:52)\n    at Object.onReceiveStatus (/home/hyeonjun/AMD/Vitis/2023.2/ide/electron-app/lnx64/resources/app/node_modules/@grpc/grpc-js/build/src/client-interceptors.js:336:141)\n    at Object.onReceiveStatus (/home/hyeonjun/AMD/Vitis/2023.2/ide/electron-app/lnx64/resources/app/node_modules/@grpc/grpc-js/build/src/client-interceptors.js:299:181)\n    at /home/hyeonjun/AMD/Vitis/2023.2/ide/electron-app/lnx64/resources/app/node_modules/@grpc/grpc-js/build/src/call-stream.js:160:78\n    at processTicksAndRejections (node:internal/process/task_queues:78:11)"}
2026-03-13 22:09:51 [debug] : MonacoEditorModel.cancelSync {"0":"file:///home/hyeonjun/AMD/Vivado/source/camera2hdmi_final1.01/camera2hdmi_final1.01/vitis_workspace/logs/vitis.log"}
2026-03-13 22:09:51 [debug] : MonacoEditorModel.doSync - enter {"0":"file:///home/hyeonjun/AMD/Vivado/source/camera2hdmi_final1.01/camera2hdmi_final1.01/vitis_workspace/logs/vitis.log"}
2026-03-13 22:09:51 [debug] : MonacoEditorModel.fireDidChangeContent - enter - {
  "changes": [
    {
      "range": {
        "startLineNumber": 176,
        "startColumn": 1,
        "endLineNumber": 176,
        "endColumn": 1
      },
      "rangeLength": 0,
      "text": "22:09:51 INFO  : Found no platform with name 'my_platform' in install repositories\n",
      "rangeOffset": 21456,
      "forceMoveMarkers": true
    }
  ],
  "eol": "\n",
  "versionId": 4,
  "isUndoing": false,
  "isRedoing": false,
  "isFlush": false
} {"0":"file:///home/hyeonjun/AMD/Vivado/source/camera2hdmi_final1.01/camera2hdmi_final1.01/vitis_workspace/logs/vitis.log"}
2026-03-13 22:09:51 [debug] : MonacoEditorModel.markAsDirty - enter {"0":"file:///home/hyeonjun/AMD/Vivado/source/camera2hdmi_final1.01/camera2hdmi_final1.01/vitis_workspace/logs/vitis.log"}
2026-03-13 22:09:51 [debug] : MonacoEditorModel.markAsDirty - exit - ignoring dirty changes enabled {"0":"file:///home/hyeonjun/AMD/Vivado/source/camera2hdmi_final1.01/camera2hdmi_final1.01/vitis_workspace/logs/vitis.log"}
2026-03-13 22:09:51 [debug] : MonacoEditorModel.fireDidChangeContent - exit {"0":"file:///home/hyeonjun/AMD/Vivado/source/camera2hdmi_final1.01/camera2hdmi_final1.01/vitis_workspace/logs/vitis.log"}
2026-03-13 22:09:51 [debug] : MonacoEditorModel.doSync - exit {"0":"file:///home/hyeonjun/AMD/Vivado/source/camera2hdmi_final1.01/camera2hdmi_final1.01/vitis_workspace/logs/vitis.log"}
2026-03-13 22:09:56 [debug] : [ProjectDecorator] tree decoration updated 
2026-03-13 22:09:56 [debug] : [ProjectCache] Project location updated to /home/hyeonjun/AMD/Vivado/source/camera2hdmi_final1.01/camera2hdmi_final1.01/vitis_workspace/my_platform 
2026-03-13 22:09:57 [debug] : [ProjectDecorator] tree decoration updated 
2026-03-13 22:09:57 [debug] : [ProjectCache] Project location updated to /home/hyeonjun/AMD/Vivado/source/camera2hdmi_final1.01/camera2hdmi_final1.01/vitis_workspace/camera_app 
2026-03-13 22:09:57 [debug] : RIGEL SERVER 22:09:57 INFO  : Found no platform with name 'my_platform' in install repositories 
2026-03-13 22:09:57 [debug] : Request getPlatform failed with error: 3 INVALID_ARGUMENT: Could not find platform at /home/hyw75/camera2hdmi_final/vitis_workspace/my_platform/export/my_platform/my_platform.xpfm {"0":"Error: 3 INVALID_ARGUMENT: Could not find platform at /home/hyw75/camera2hdmi_final/vitis_workspace/my_platform/export/my_platform/my_platform.xpfm\n    at Object.callErrorFromStatus (/home/hyeonjun/AMD/Vitis/2023.2/ide/electron-app/lnx64/resources/app/node_modules/@grpc/grpc-js/build/src/call.js:31:26)\n    at Object.onReceiveStatus (/home/hyeonjun/AMD/Vitis/2023.2/ide/electron-app/lnx64/resources/app/node_modules/@grpc/grpc-js/build/src/client.js:180:52)\n    at Object.onReceiveStatus (/home/hyeonjun/AMD/Vitis/2023.2/ide/electron-app/lnx64/resources/app/node_modules/@grpc/grpc-js/build/src/client-interceptors.js:336:141)\n    at Object.onReceiveStatus (/home/hyeonjun/AMD/Vitis/2023.2/ide/electron-app/lnx64/resources/app/node_modules/@grpc/grpc-js/build/src/client-interceptors.js:299:181)\n    at /home/hyeonjun/AMD/Vitis/2023.2/ide/electron-app/lnx64/resources/app/node_modules/@grpc/grpc-js/build/src/call-stream.js:160:78\n    at processTicksAndRejections (node:internal/process/task_queues:78:11)"}
2026-03-13 22:09:57 [debug] : MonacoEditorModel.cancelSync {"0":"file:///home/hyeonjun/AMD/Vivado/source/camera2hdmi_final1.01/camera2hdmi_final1.01/vitis_workspace/logs/vitis.log"}
2026-03-13 22:09:57 [debug] : MonacoEditorModel.doSync - enter {"0":"file:///home/hyeonjun/AMD/Vivado/source/camera2hdmi_final1.01/camera2hdmi_final1.01/vitis_workspace/logs/vitis.log"}
2026-03-13 22:09:57 [debug] : MonacoEditorModel.fireDidChangeContent - enter - {
  "changes": [
    {
      "range": {
        "startLineNumber": 177,
        "startColumn": 1,
        "endLineNumber": 177,
        "endColumn": 1
      },
      "rangeLength": 0,
      "text": "22:09:57 INFO  : Found no platform with name 'my_platform' in install repositories\n",
      "rangeOffset": 21539,
      "forceMoveMarkers": true
    }
  ],
  "eol": "\n",
  "versionId": 5,
  "isUndoing": false,
  "isRedoing": false,
  "isFlush": false
} {"0":"file:///home/hyeonjun/AMD/Vivado/source/camera2hdmi_final1.01/camera2hdmi_final1.01/vitis_workspace/logs/vitis.log"}
2026-03-13 22:09:57 [debug] : MonacoEditorModel.markAsDirty - enter {"0":"file:///home/hyeonjun/AMD/Vivado/source/camera2hdmi_final1.01/camera2hdmi_final1.01/vitis_workspace/logs/vitis.log"}
2026-03-13 22:09:57 [debug] : MonacoEditorModel.markAsDirty - exit - ignoring dirty changes enabled {"0":"file:///home/hyeonjun/AMD/Vivado/source/camera2hdmi_final1.01/camera2hdmi_final1.01/vitis_workspace/logs/vitis.log"}
2026-03-13 22:09:57 [debug] : MonacoEditorModel.fireDidChangeContent - exit {"0":"file:///home/hyeonjun/AMD/Vivado/source/camera2hdmi_final1.01/camera2hdmi_final1.01/vitis_workspace/logs/vitis.log"}
2026-03-13 22:09:57 [debug] : MonacoEditorModel.doSync - exit {"0":"file:///home/hyeonjun/AMD/Vivado/source/camera2hdmi_final1.01/camera2hdmi_final1.01/vitis_workspace/logs/vitis.log"}
2026-03-13 22:09:59 [debug] : [ProjectDecorator] tree decoration updated 
2026-03-13 22:09:59 [debug] : [ProjectCache] Project location updated to /home/hyeonjun/AMD/Vivado/source/camera2hdmi_final1.01/camera2hdmi_final1.01/vitis_workspace/camera_app 
2026-03-13 22:09:59 [debug] : RIGEL SERVER 22:09:59 INFO  : Found no platform with name 'my_platform' in install repositories 
2026-03-13 22:09:59 [debug] : Request getPlatform failed with error: 3 INVALID_ARGUMENT: Could not find platform at /home/hyw75/camera2hdmi_final/vitis_workspace/my_platform/export/my_platform/my_platform.xpfm {"0":"Error: 3 INVALID_ARGUMENT: Could not find platform at /home/hyw75/camera2hdmi_final/vitis_workspace/my_platform/export/my_platform/my_platform.xpfm\n    at Object.callErrorFromStatus (/home/hyeonjun/AMD/Vitis/2023.2/ide/electron-app/lnx64/resources/app/node_modules/@grpc/grpc-js/build/src/call.js:31:26)\n    at Object.onReceiveStatus (/home/hyeonjun/AMD/Vitis/2023.2/ide/electron-app/lnx64/resources/app/node_modules/@grpc/grpc-js/build/src/client.js:180:52)\n    at Object.onReceiveStatus (/home/hyeonjun/AMD/Vitis/2023.2/ide/electron-app/lnx64/resources/app/node_modules/@grpc/grpc-js/build/src/client-interceptors.js:336:141)\n    at Object.onReceiveStatus (/home/hyeonjun/AMD/Vitis/2023.2/ide/electron-app/lnx64/resources/app/node_modules/@grpc/grpc-js/build/src/client-interceptors.js:299:181)\n    at /home/hyeonjun/AMD/Vitis/2023.2/ide/electron-app/lnx64/resources/app/node_modules/@grpc/grpc-js/build/src/call-stream.js:160:78\n    at processTicksAndRejections (node:internal/process/task_queues:78:11)"}
2026-03-13 22:09:59 [debug] : MonacoEditorModel.cancelSync {"0":"file:///home/hyeonjun/AMD/Vivado/source/camera2hdmi_final1.01/camera2hdmi_final1.01/vitis_workspace/logs/vitis.log"}
2026-03-13 22:09:59 [debug] : MonacoEditorModel.doSync - enter {"0":"file:///home/hyeonjun/AMD/Vivado/source/camera2hdmi_final1.01/camera2hdmi_final1.01/vitis_workspace/logs/vitis.log"}
2026-03-13 22:09:59 [debug] : MonacoEditorModel.fireDidChangeContent - enter - {
  "changes": [
    {
      "range": {
        "startLineNumber": 178,
        "startColumn": 1,
        "endLineNumber": 178,
        "endColumn": 1
      },
      "rangeLength": 0,
      "text": "22:09:59 INFO  : Found no platform with name 'my_platform' in install repositories\n",
      "rangeOffset": 21622,
      "forceMoveMarkers": true
    }
  ],
  "eol": "\n",
  "versionId": 6,
  "isUndoing": false,
  "isRedoing": false,
  "isFlush": false
} {"0":"file:///home/hyeonjun/AMD/Vivado/source/camera2hdmi_final1.01/camera2hdmi_final1.01/vitis_workspace/logs/vitis.log"}
2026-03-13 22:09:59 [debug] : MonacoEditorModel.markAsDirty - enter {"0":"file:///home/hyeonjun/AMD/Vivado/source/camera2hdmi_final1.01/camera2hdmi_final1.01/vitis_workspace/logs/vitis.log"}
2026-03-13 22:09:59 [debug] : MonacoEditorModel.markAsDirty - exit - ignoring dirty changes enabled {"0":"file:///home/hyeonjun/AMD/Vivado/source/camera2hdmi_final1.01/camera2hdmi_final1.01/vitis_workspace/logs/vitis.log"}
2026-03-13 22:09:59 [debug] : MonacoEditorModel.fireDidChangeContent - exit {"0":"file:///home/hyeonjun/AMD/Vivado/source/camera2hdmi_final1.01/camera2hdmi_final1.01/vitis_workspace/logs/vitis.log"}
2026-03-13 22:09:59 [debug] : MonacoEditorModel.doSync - exit {"0":"file:///home/hyeonjun/AMD/Vivado/source/camera2hdmi_final1.01/camera2hdmi_final1.01/vitis_workspace/logs/vitis.log"}
2026-03-13 22:10:01 [debug] : [ProjectDecorator] tree decoration updated 
2026-03-13 22:10:01 [debug] : [ProjectCache] Project location updated to /home/hyeonjun/AMD/Vivado/source/camera2hdmi_final1.01/camera2hdmi_final1.01/vitis_workspace/camera_app 
2026-03-13 22:10:01 [debug] : RIGEL SERVER 22:10:01 INFO  : Found no platform with name 'my_platform' in install repositories 
2026-03-13 22:10:01 [debug] : Request getPlatform failed with error: 3 INVALID_ARGUMENT: Could not find platform at /home/hyw75/camera2hdmi_final/vitis_workspace/my_platform/export/my_platform/my_platform.xpfm {"0":"Error: 3 INVALID_ARGUMENT: Could not find platform at /home/hyw75/camera2hdmi_final/vitis_workspace/my_platform/export/my_platform/my_platform.xpfm\n    at Object.callErrorFromStatus (/home/hyeonjun/AMD/Vitis/2023.2/ide/electron-app/lnx64/resources/app/node_modules/@grpc/grpc-js/build/src/call.js:31:26)\n    at Object.onReceiveStatus (/home/hyeonjun/AMD/Vitis/2023.2/ide/electron-app/lnx64/resources/app/node_modules/@grpc/grpc-js/build/src/client.js:180:52)\n    at Object.onReceiveStatus (/home/hyeonjun/AMD/Vitis/2023.2/ide/electron-app/lnx64/resources/app/node_modules/@grpc/grpc-js/build/src/client-interceptors.js:336:141)\n    at Object.onReceiveStatus (/home/hyeonjun/AMD/Vitis/2023.2/ide/electron-app/lnx64/resources/app/node_modules/@grpc/grpc-js/build/src/client-interceptors.js:299:181)\n    at /home/hyeonjun/AMD/Vitis/2023.2/ide/electron-app/lnx64/resources/app/node_modules/@grpc/grpc-js/build/src/call-stream.js:160:78\n    at processTicksAndRejections (node:internal/process/task_queues:78:11)"}
2026-03-13 22:10:01 [debug] : MonacoEditorModel.cancelSync {"0":"file:///home/hyeonjun/AMD/Vivado/source/camera2hdmi_final1.01/camera2hdmi_final1.01/vitis_workspace/logs/vitis.log"}
2026-03-13 22:10:01 [debug] : MonacoEditorModel.doSync - enter {"0":"file:///home/hyeonjun/AMD/Vivado/source/camera2hdmi_final1.01/camera2hdmi_final1.01/vitis_workspace/logs/vitis.log"}
2026-03-13 22:10:01 [debug] : MonacoEditorModel.cancelSync {"0":"file:///home/hyeonjun/AMD/Vivado/source/camera2hdmi_final1.01/camera2hdmi_final1.01/vitis_workspace/logs/vitis.log"}
2026-03-13 22:10:01 [debug] : MonacoEditorModel.doSync - exit - cancelled while looking for a resource {"0":"file:///home/hyeonjun/AMD/Vivado/source/camera2hdmi_final1.01/camera2hdmi_final1.01/vitis_workspace/logs/vitis.log"}
2026-03-13 22:10:01 [debug] : MonacoEditorModel.doSync - enter {"0":"file:///home/hyeonjun/AMD/Vivado/source/camera2hdmi_final1.01/camera2hdmi_final1.01/vitis_workspace/logs/vitis.log"}
2026-03-13 22:10:01 [debug] : MonacoEditorModel.fireDidChangeContent - enter - {
  "changes": [
    {
      "range": {
        "startLineNumber": 179,
        "startColumn": 1,
        "endLineNumber": 179,
        "endColumn": 1
      },
      "rangeLength": 0,
      "text": "22:10:01 INFO  : Found no platform with name 'my_platform' in install repositories\n",
      "rangeOffset": 21705,
      "forceMoveMarkers": true
    }
  ],
  "eol": "\n",
  "versionId": 7,
  "isUndoing": false,
  "isRedoing": false,
  "isFlush": false
} {"0":"file:///home/hyeonjun/AMD/Vivado/source/camera2hdmi_final1.01/camera2hdmi_final1.01/vitis_workspace/logs/vitis.log"}
2026-03-13 22:10:01 [debug] : MonacoEditorModel.markAsDirty - enter {"0":"file:///home/hyeonjun/AMD/Vivado/source/camera2hdmi_final1.01/camera2hdmi_final1.01/vitis_workspace/logs/vitis.log"}
2026-03-13 22:10:01 [debug] : MonacoEditorModel.markAsDirty - exit - ignoring dirty changes enabled {"0":"file:///home/hyeonjun/AMD/Vivado/source/camera2hdmi_final1.01/camera2hdmi_final1.01/vitis_workspace/logs/vitis.log"}
2026-03-13 22:10:01 [debug] : MonacoEditorModel.fireDidChangeContent - exit {"0":"file:///home/hyeonjun/AMD/Vivado/source/camera2hdmi_final1.01/camera2hdmi_final1.01/vitis_workspace/logs/vitis.log"}
2026-03-13 22:10:01 [debug] : MonacoEditorModel.doSync - exit {"0":"file:///home/hyeonjun/AMD/Vivado/source/camera2hdmi_final1.01/camera2hdmi_final1.01/vitis_workspace/logs/vitis.log"}
2026-03-13 22:10:01 [debug] : [hosted-plugin: 45230] PLUGIN_HOST(45230): PluginManagerExtImpl/loadPlugin(/home/hyeonjun/AMD/Vitis/2023.2/ide/electron-app/lnx64/resources/app/plugins/vscode-clangd/extension/out/src/extension) 
2026-03-13 22:10:01 [debug] : [hosted-plugin: 45230] Could not identify plugin for 'Theia' require call from /home/hyeonjun/AMD/Vitis/2023.2/ide/electron-app/lnx64/resources/app/node_modules/vscode-languageclient/lib/node/main.js 
2026-03-13 22:10:01 [debug] : [hosted-plugin: 45230] PLUGIN_HOST(45230): PluginManagerExtImpl/loadPlugin(/tmp/hyeonjun-vscode-unpacked/rigel-hls-pragma-0.0.0.vsix/extension/out/extension.js) 
2026-03-13 22:10:01 [debug] : [hosted-plugin: 45230] Starting extension "rigel-hls-pragma"! 
2026-03-13 22:10:01 [debug] : [hosted-plugin: 45230] PLUGIN_HOST(45230): PluginManagerExtImpl/loadPlugin(/tmp/hyeonjun-vscode-unpacked/rigel-hls-l1-library-vscode-0.0.0.vsix/extension/lib/extension.js) 
2026-03-13 22:10:02 [debug] : [hosted-plugin: 45230] Clang Language Server is now active! 
2026-03-13 22:10:02 [debug] : command 'clangd.typeHierarchy' already registered 
2026-03-13 22:10:02 [debug] : data provider for 'clangd.typeHierarchyView' view is already registered 
2026-03-13 22:10:02 [debug] : data provider for 'clangd.ast' view is already registered 
2026-03-13 22:10:02 [debug] : command 'clangd.ast' already registered 
2026-03-13 22:11:52 [debug] : [ProjectDecorator] tree decoration updated 
2026-03-13 22:11:52 [debug] : [ProjectCache] Project location updated to /home/hyeonjun/AMD/Vivado/source/camera2hdmi_final1.01/camera2hdmi_final1.01/vitis_workspace/camera_app 
2026-03-13 22:11:52 [debug] : RIGEL SERVER 22:11:52 INFO  : Found no platform with name 'my_platform' in install repositories 
2026-03-13 22:11:52 [debug] : Request getPlatform failed with error: 3 INVALID_ARGUMENT: Could not find platform at /home/hyw75/camera2hdmi_final/vitis_workspace/my_platform/export/my_platform/my_platform.xpfm {"0":"Error: 3 INVALID_ARGUMENT: Could not find platform at /home/hyw75/camera2hdmi_final/vitis_workspace/my_platform/export/my_platform/my_platform.xpfm\n    at Object.callErrorFromStatus (/home/hyeonjun/AMD/Vitis/2023.2/ide/electron-app/lnx64/resources/app/node_modules/@grpc/grpc-js/build/src/call.js:31:26)\n    at Object.onReceiveStatus (/home/hyeonjun/AMD/Vitis/2023.2/ide/electron-app/lnx64/resources/app/node_modules/@grpc/grpc-js/build/src/client.js:180:52)\n    at Object.onReceiveStatus (/home/hyeonjun/AMD/Vitis/2023.2/ide/electron-app/lnx64/resources/app/node_modules/@grpc/grpc-js/build/src/client-interceptors.js:336:141)\n    at Object.onReceiveStatus (/home/hyeonjun/AMD/Vitis/2023.2/ide/electron-app/lnx64/resources/app/node_modules/@grpc/grpc-js/build/src/client-interceptors.js:299:181)\n    at /home/hyeonjun/AMD/Vitis/2023.2/ide/electron-app/lnx64/resources/app/node_modules/@grpc/grpc-js/build/src/call-stream.js:160:78\n    at processTicksAndRejections (node:internal/process/task_queues:78:11)"}
2026-03-13 22:11:52 [debug] : MonacoEditorModel.cancelSync {"0":"file:///home/hyeonjun/AMD/Vivado/source/camera2hdmi_final1.01/camera2hdmi_final1.01/vitis_workspace/logs/vitis.log"}
2026-03-13 22:11:52 [debug] : MonacoEditorModel.doSync - enter {"0":"file:///home/hyeonjun/AMD/Vivado/source/camera2hdmi_final1.01/camera2hdmi_final1.01/vitis_workspace/logs/vitis.log"}
2026-03-13 22:11:52 [debug] : MonacoEditorModel.cancelSync {"0":"file:///home/hyeonjun/AMD/Vivado/source/camera2hdmi_final1.01/camera2hdmi_final1.01/vitis_workspace/logs/vitis.log"}
2026-03-13 22:11:52 [debug] : MonacoEditorModel.doSync - exit - cancelled while looking for a resource {"0":"file:///home/hyeonjun/AMD/Vivado/source/camera2hdmi_final1.01/camera2hdmi_final1.01/vitis_workspace/logs/vitis.log"}
2026-03-13 22:11:52 [debug] : MonacoEditorModel.doSync - enter {"0":"file:///home/hyeonjun/AMD/Vivado/source/camera2hdmi_final1.01/camera2hdmi_final1.01/vitis_workspace/logs/vitis.log"}
2026-03-13 22:11:52 [debug] : MonacoEditorModel.fireDidChangeContent - enter - {
  "changes": [
    {
      "range": {
        "startLineNumber": 180,
        "startColumn": 1,
        "endLineNumber": 180,
        "endColumn": 1
      },
      "rangeLength": 0,
      "text": "22:11:52 INFO  : Found no platform with name 'my_platform' in install repositories\n",
      "rangeOffset": 21788,
      "forceMoveMarkers": true
    }
  ],
  "eol": "\n",
  "versionId": 8,
  "isUndoing": false,
  "isRedoing": false,
  "isFlush": false
} {"0":"file:///home/hyeonjun/AMD/Vivado/source/camera2hdmi_final1.01/camera2hdmi_final1.01/vitis_workspace/logs/vitis.log"}
2026-03-13 22:11:52 [debug] : MonacoEditorModel.markAsDirty - enter {"0":"file:///home/hyeonjun/AMD/Vivado/source/camera2hdmi_final1.01/camera2hdmi_final1.01/vitis_workspace/logs/vitis.log"}
2026-03-13 22:11:52 [debug] : MonacoEditorModel.markAsDirty - exit - ignoring dirty changes enabled {"0":"file:///home/hyeonjun/AMD/Vivado/source/camera2hdmi_final1.01/camera2hdmi_final1.01/vitis_workspace/logs/vitis.log"}
2026-03-13 22:11:52 [debug] : MonacoEditorModel.fireDidChangeContent - exit {"0":"file:///home/hyeonjun/AMD/Vivado/source/camera2hdmi_final1.01/camera2hdmi_final1.01/vitis_workspace/logs/vitis.log"}
2026-03-13 22:11:52 [debug] : MonacoEditorModel.doSync - exit {"0":"file:///home/hyeonjun/AMD/Vivado/source/camera2hdmi_final1.01/camera2hdmi_final1.01/vitis_workspace/logs/vitis.log"}
2026-03-13 22:11:53 [debug] : [hosted-plugin: 45230] TypeError: Cannot read properties of undefined (reading 'replace')
    at ee.onActiveLinesChanged (/home/hyeonjun/AMD/Vitis/2023.2/ide/electron-app/lnx64/resources/app/plugins/eamodio-gitlens/extension/dist/gitlens.js:35:1404)
    at ee.Te.<computed> (/home/hyeonjun/AMD/Vitis/2023.2/ide/electron-app/lnx64/resources/app/plugins/eamodio-gitlens/extension/dist/gitlens.js:209:4816)
    at /home/hyeonjun/AMD/Vitis/2023.2/ide/electron-app/lnx64/resources/app/node_modules/@theia/core/lib/common/event.js:103:69
    at CallbackList.invoke (/home/hyeonjun/AMD/Vitis/2023.2/ide/electron-app/lnx64/resources/app/node_modules/@theia/core/lib/common/event.js:109:26)
    at Emitter.fire (/home/hyeonjun/AMD/Vitis/2023.2/ide/electron-app/lnx64/resources/app/node_modules/@theia/core/lib/common/event.js:224:29)
    at Ji.fireLinesChanged (/home/hyeonjun/AMD/Vitis/2023.2/ide/electron-app/lnx64/resources/app/plugins/eamodio-gitlens/extension/dist/gitlens.js:39:6138)
    at Ji.fireLinesChanged (/home/hyeonjun/AMD/Vitis/2023.2/ide/electron-app/lnx64/resources/app/plugins/eamodio-gitlens/extension/dist/gitlens.js:39:8100)
    at Ji.onLinesChanged (/home/hyeonjun/AMD/Vitis/2023.2/ide/electron-app/lnx64/resources/app/plugins/eamodio-gitlens/extension/dist/gitlens.js:39:6753)
    at Ji.trigger (/home/hyeonjun/AMD/Vitis/2023.2/ide/electron-app/lnx64/resources/app/plugins/eamodio-gitlens/extension/dist/gitlens.js:39:6162)
    at Ji.onTextEditorSelectionChanged (/home/hyeonjun/AMD/Vitis/2023.2/ide/electron-app/lnx64/resources/app/plugins/eamodio-gitlens/extension/dist/gitlens.js:39:4322)
    at /home/hyeonjun/AMD/Vitis/2023.2/ide/electron-app/lnx64/resources/app/node_modules/@theia/core/lib/common/event.js:103:69
    at CallbackList.invoke (/home/hyeonjun/AMD/Vitis/2023.2/ide/electron-app/lnx64/resources/app/node_modules/@theia/core/lib/common/event.js:109:26)
    at Emitter.fire (/home/hyeonjun/AMD/Vitis/2023.2/ide/electron-app/lnx64/resources/app/node_modules/@theia/core/lib/common/event.js:224:29)
    at TextEditorsExtImpl.$acceptEditorPropertiesChanged (/home/hyeonjun/AMD/Vitis/2023.2/ide/electron-app/lnx64/resources/app/node_modules/@theia/plugin-ext/lib/plugin/text-editors.js:68:50)
    at RPCProtocolImpl.doInvokeHandler (/home/hyeonjun/AMD/Vitis/2023.2/ide/electron-app/lnx64/resources/app/node_modules/@theia/plugin-ext/lib/common/rpc-protocol.js:231:23)
    at RPCProtocolImpl.invokeHandler (/home/hyeonjun/AMD/Vitis/2023.2/ide/electron-app/lnx64/resources/app/node_modules/@theia/plugin-ext/lib/common/rpc-protocol.js:216:41) 
2026-03-13 22:11:54 [debug] : monospace assumptions have been violated, therefore disabling monospace optimizations! 
2026-03-13 22:12:17 [debug] : [hosted-plugin: 45230] TypeError: Cannot read properties of undefined (reading 'replace')
    at ee.onActiveLinesChanged (/home/hyeonjun/AMD/Vitis/2023.2/ide/electron-app/lnx64/resources/app/plugins/eamodio-gitlens/extension/dist/gitlens.js:35:1404)
    at ee.Te.<computed> (/home/hyeonjun/AMD/Vitis/2023.2/ide/electron-app/lnx64/resources/app/plugins/eamodio-gitlens/extension/dist/gitlens.js:209:4816)
    at /home/hyeonjun/AMD/Vitis/2023.2/ide/electron-app/lnx64/resources/app/node_modules/@theia/core/lib/common/event.js:103:69
    at CallbackList.invoke (/home/hyeonjun/AMD/Vitis/2023.2/ide/electron-app/lnx64/resources/app/node_modules/@theia/core/lib/common/event.js:109:26)
    at Emitter.fire (/home/hyeonjun/AMD/Vitis/2023.2/ide/electron-app/lnx64/resources/app/node_modules/@theia/core/lib/common/event.js:224:29)
    at Ji.fireLinesChanged (/home/hyeonjun/AMD/Vitis/2023.2/ide/electron-app/lnx64/resources/app/plugins/eamodio-gitlens/extension/dist/gitlens.js:39:6138)
    at Ji.fireLinesChanged (/home/hyeonjun/AMD/Vitis/2023.2/ide/electron-app/lnx64/resources/app/plugins/eamodio-gitlens/extension/dist/gitlens.js:39:8100)
    at Ji.onLinesChanged (/home/hyeonjun/AMD/Vitis/2023.2/ide/electron-app/lnx64/resources/app/plugins/eamodio-gitlens/extension/dist/gitlens.js:39:6753)
    at Ji.trigger (/home/hyeonjun/AMD/Vitis/2023.2/ide/electron-app/lnx64/resources/app/plugins/eamodio-gitlens/extension/dist/gitlens.js:39:6162)
    at Ji.onTextEditorSelectionChanged (/home/hyeonjun/AMD/Vitis/2023.2/ide/electron-app/lnx64/resources/app/plugins/eamodio-gitlens/extension/dist/gitlens.js:39:4322)
    at /home/hyeonjun/AMD/Vitis/2023.2/ide/electron-app/lnx64/resources/app/node_modules/@theia/core/lib/common/event.js:103:69
    at CallbackList.invoke (/home/hyeonjun/AMD/Vitis/2023.2/ide/electron-app/lnx64/resources/app/node_modules/@theia/core/lib/common/event.js:109:26)
    at Emitter.fire (/home/hyeonjun/AMD/Vitis/2023.2/ide/electron-app/lnx64/resources/app/node_modules/@theia/core/lib/common/event.js:224:29)
    at TextEditorsExtImpl.$acceptEditorPropertiesChanged (/home/hyeonjun/AMD/Vitis/2023.2/ide/electron-app/lnx64/resources/app/node_modules/@theia/plugin-ext/lib/plugin/text-editors.js:68:50)
    at RPCProtocolImpl.doInvokeHandler (/home/hyeonjun/AMD/Vitis/2023.2/ide/electron-app/lnx64/resources/app/node_modules/@theia/plugin-ext/lib/common/rpc-protocol.js:231:23)
    at RPCProtocolImpl.invokeHandler (/home/hyeonjun/AMD/Vitis/2023.2/ide/electron-app/lnx64/resources/app/node_modules/@theia/plugin-ext/lib/common/rpc-protocol.js:216:41) 
2026-03-13 22:12:21 [debug] : [hosted-plugin: 45230] TypeError: Cannot read properties of undefined (reading 'replace')
    at ee.onActiveLinesChanged (/home/hyeonjun/AMD/Vitis/2023.2/ide/electron-app/lnx64/resources/app/plugins/eamodio-gitlens/extension/dist/gitlens.js:35:1404)
    at ee.Te.<computed> (/home/hyeonjun/AMD/Vitis/2023.2/ide/electron-app/lnx64/resources/app/plugins/eamodio-gitlens/extension/dist/gitlens.js:209:4816)
    at /home/hyeonjun/AMD/Vitis/2023.2/ide/electron-app/lnx64/resources/app/node_modules/@theia/core/lib/common/event.js:103:69
    at CallbackList.invoke (/home/hyeonjun/AMD/Vitis/2023.2/ide/electron-app/lnx64/resources/app/node_modules/@theia/core/lib/common/event.js:109:26)
    at Emitter.fire (/home/hyeonjun/AMD/Vitis/2023.2/ide/electron-app/lnx64/resources/app/node_modules/@theia/core/lib/common/event.js:224:29)
    at Ji.fireLinesChanged (/home/hyeonjun/AMD/Vitis/2023.2/ide/electron-app/lnx64/resources/app/plugins/eamodio-gitlens/extension/dist/gitlens.js:39:6138)
    at Ji.fireLinesChanged (/home/hyeonjun/AMD/Vitis/2023.2/ide/electron-app/lnx64/resources/app/plugins/eamodio-gitlens/extension/dist/gitlens.js:39:8100)
    at Ji.onLinesChanged (/home/hyeonjun/AMD/Vitis/2023.2/ide/electron-app/lnx64/resources/app/plugins/eamodio-gitlens/extension/dist/gitlens.js:39:6753)
    at Ji.trigger (/home/hyeonjun/AMD/Vitis/2023.2/ide/electron-app/lnx64/resources/app/plugins/eamodio-gitlens/extension/dist/gitlens.js:39:6162)
    at Ji.onTextEditorSelectionChanged (/home/hyeonjun/AMD/Vitis/2023.2/ide/electron-app/lnx64/resources/app/plugins/eamodio-gitlens/extension/dist/gitlens.js:39:4322)
    at /home/hyeonjun/AMD/Vitis/2023.2/ide/electron-app/lnx64/resources/app/node_modules/@theia/core/lib/common/event.js:103:69
    at CallbackList.invoke (/home/hyeonjun/AMD/Vitis/2023.2/ide/electron-app/lnx64/resources/app/node_modules/@theia/core/lib/common/event.js:109:26)
    at Emitter.fire (/home/hyeonjun/AMD/Vitis/2023.2/ide/electron-app/lnx64/resources/app/node_modules/@theia/core/lib/common/event.js:224:29)
    at TextEditorsExtImpl.$acceptEditorPropertiesChanged (/home/hyeonjun/AMD/Vitis/2023.2/ide/electron-app/lnx64/resources/app/node_modules/@theia/plugin-ext/lib/plugin/text-editors.js:68:50)
    at RPCProtocolImpl.doInvokeHandler (/home/hyeonjun/AMD/Vitis/2023.2/ide/electron-app/lnx64/resources/app/node_modules/@theia/plugin-ext/lib/common/rpc-protocol.js:231:23)
    at RPCProtocolImpl.invokeHandler (/home/hyeonjun/AMD/Vitis/2023.2/ide/electron-app/lnx64/resources/app/node_modules/@theia/plugin-ext/lib/common/rpc-protocol.js:216:41) 
2026-03-13 22:12:22 [debug] : [hosted-plugin: 45230] TypeError: Cannot read properties of undefined (reading 'replace')
    at ee.onActiveLinesChanged (/home/hyeonjun/AMD/Vitis/2023.2/ide/electron-app/lnx64/resources/app/plugins/eamodio-gitlens/extension/dist/gitlens.js:35:1404)
    at ee.Te.<computed> (/home/hyeonjun/AMD/Vitis/2023.2/ide/electron-app/lnx64/resources/app/plugins/eamodio-gitlens/extension/dist/gitlens.js:209:4816)
    at /home/hyeonjun/AMD/Vitis/2023.2/ide/electron-app/lnx64/resources/app/node_modules/@theia/core/lib/common/event.js:103:69
    at CallbackList.invoke (/home/hyeonjun/AMD/Vitis/2023.2/ide/electron-app/lnx64/resources/app/node_modules/@theia/core/lib/common/event.js:109:26)
    at Emitter.fire (/home/hyeonjun/AMD/Vitis/2023.2/ide/electron-app/lnx64/resources/app/node_modules/@theia/core/lib/common/event.js:224:29)
    at Ji.fireLinesChanged (/home/hyeonjun/AMD/Vitis/2023.2/ide/electron-app/lnx64/resources/app/plugins/eamodio-gitlens/extension/dist/gitlens.js:39:6138)
    at Ji.fireLinesChanged (/home/hyeonjun/AMD/Vitis/2023.2/ide/electron-app/lnx64/resources/app/plugins/eamodio-gitlens/extension/dist/gitlens.js:39:8100)
    at Ji.onLinesChanged (/home/hyeonjun/AMD/Vitis/2023.2/ide/electron-app/lnx64/resources/app/plugins/eamodio-gitlens/extension/dist/gitlens.js:39:6753)
    at Ji.trigger (/home/hyeonjun/AMD/Vitis/2023.2/ide/electron-app/lnx64/resources/app/plugins/eamodio-gitlens/extension/dist/gitlens.js:39:6162)
    at Ji.onTextEditorSelectionChanged (/home/hyeonjun/AMD/Vitis/2023.2/ide/electron-app/lnx64/resources/app/plugins/eamodio-gitlens/extension/dist/gitlens.js:39:4322)
    at /home/hyeonjun/AMD/Vitis/2023.2/ide/electron-app/lnx64/resources/app/node_modules/@theia/core/lib/common/event.js:103:69
    at CallbackList.invoke (/home/hyeonjun/AMD/Vitis/2023.2/ide/electron-app/lnx64/resources/app/node_modules/@theia/core/lib/common/event.js:109:26)
    at Emitter.fire (/home/hyeonjun/AMD/Vitis/2023.2/ide/electron-app/lnx64/resources/app/node_modules/@theia/core/lib/common/event.js:224:29)
    at TextEditorsExtImpl.$acceptEditorPropertiesChanged (/home/hyeonjun/AMD/Vitis/2023.2/ide/electron-app/lnx64/resources/app/node_modules/@theia/plugin-ext/lib/plugin/text-editors.js:68:50)
    at RPCProtocolImpl.doInvokeHandler (/home/hyeonjun/AMD/Vitis/2023.2/ide/electron-app/lnx64/resources/app/node_modules/@theia/plugin-ext/lib/common/rpc-protocol.js:231:23)
    at RPCProtocolImpl.invokeHandler (/home/hyeonjun/AMD/Vitis/2023.2/ide/electron-app/lnx64/resources/app/node_modules/@theia/plugin-ext/lib/common/rpc-protocol.js:216:41) 
2026-03-13 22:18:12 [debug] : MonacoEditorModel.cancelSync {"0":"file:///home/hyeonjun/AMD/Vivado/source/camera2hdmi_final1.01/camera2hdmi_final1.01/vitis_workspace/camera_app/src/helloworld.c"}
2026-03-13 22:18:12 [debug] : MonacoEditorModel.cancelSave {"0":"file:///home/hyeonjun/AMD/Vivado/source/camera2hdmi_final1.01/camera2hdmi_final1.01/vitis_workspace/camera_app/src/helloworld.c"}
2026-03-13 22:28:42 [debug] : [ProjectDecorator] tree decoration updated 
2026-03-13 22:28:42 [debug] : [ProjectCache] Project location updated to /home/hyeonjun/AMD/Vivado/source/camera2hdmi_final1.01/camera2hdmi_final1.01/vitis_workspace/my_platform 
2026-03-13 22:28:43 [debug] : [ProjectDecorator] tree decoration updated 
2026-03-13 22:28:43 [debug] : [ProjectCache] Project location updated to /home/hyeonjun/AMD/Vivado/source/camera2hdmi_final1.01/camera2hdmi_final1.01/vitis_workspace/my_platform 
2026-03-13 22:28:43 [debug] : [ProjectDecorator] tree decoration updated 
2026-03-13 22:28:43 [debug] : [ProjectCache] Project location updated to /home/hyeonjun/AMD/Vivado/source/camera2hdmi_final1.01/camera2hdmi_final1.01/vitis_workspace/my_platform 
2026-03-13 22:28:45 [debug] : [ProjectDecorator] tree decoration updated 
2026-03-13 22:28:45 [debug] : [ProjectCache] Project location updated to /home/hyeonjun/AMD/Vivado/source/camera2hdmi_final1.01/camera2hdmi_final1.01/vitis_workspace/my_platform 
2026-03-13 22:28:45 [debug] : [Platform Provider] updating project /home/hyeonjun/AMD/Vivado/source/camera2hdmi_final1.01/camera2hdmi_final1.01/vitis_workspace/my_platform 
2026-03-13 22:28:45 [debug] : [Platform Provider] project updated /home/hyeonjun/AMD/Vivado/source/camera2hdmi_final1.01/camera2hdmi_final1.01/vitis_workspace/my_platform {"0":{"platformName":"my_platform","platformDescription":"","platformLocation":"/home/hyeonjun/AMD/Vivado/source/camera2hdmi_final1.01/camera2hdmi_final1.01/vitis_workspace/my_platform","xsaPath":"/home/hyw75/camera2hdmi_final/design_1_wrapper.xsa","xsapathinplatform":"my_platform/hw/design_1_wrapper.xsa","isCustomFsbl":false,"fsblPath":"","pmufwElf":"","supportedFamily":"zynq","flow":3,"emulationXsaPath":"","emulationXsaPathInPlatform":""}}
2026-03-13 22:28:45 [debug] : [Platform Server] Executing method:[listDomains] with connection:(object). {"0":"request:","1":{"wrappers_":null,"arrayIndexOffset_":-1,"array":["/home/hyeonjun/AMD/Vivado/source/camera2hdmi_final1.01/camera2hdmi_final1.01/vitis_workspace/my_platform"],"pivot_":1.7976931348623157e+308,"convertedPrimitiveFields_":{}}}
2026-03-13 22:28:45 [debug] : [ProjectDecorator] tree decoration updated 
2026-03-13 22:28:45 [debug] : [ProjectCache] Project location updated to /home/hyeonjun/AMD/Vivado/source/camera2hdmi_final1.01/camera2hdmi_final1.01/vitis_workspace/my_platform 
2026-03-13 22:28:49 [debug] : Error: Failed to execute 'removeChild' on 'Node': The node to be removed is no longer a child of this node. Perhaps it was moved in a 'blur' event handler?
    at Function.e.detach (file:///home/hyeonjun/AMD/Vitis/2023.2/ide/electron-app/lnx64/resources/app/lib/bundle.js:2:1653131)
    at Object.dispose (file:///home/hyeonjun/AMD/Vitis/2023.2/ide/electron-app/lnx64/resources/app/lib/bundle.js:2:3167903)
    at file:///home/hyeonjun/AMD/Vitis/2023.2/ide/electron-app/lnx64/resources/app/lib/bundle.js:2:1859363
    at file:///home/hyeonjun/AMD/Vitis/2023.2/ide/electron-app/lnx64/resources/app/lib/bundle.js:2:2437786
    at o.invoke (file:///home/hyeonjun/AMD/Vitis/2023.2/ide/electron-app/lnx64/resources/app/lib/bundle.js:2:2437876)
    at s.fire (file:///home/hyeonjun/AMD/Vitis/2023.2/ide/electron-app/lnx64/resources/app/lib/bundle.js:2:2439670)
    at f.dispose (file:///home/hyeonjun/AMD/Vitis/2023.2/ide/electron-app/lnx64/resources/app/lib/bundle.js:2:1851643)
    at togglePopup (file:///home/hyeonjun/AMD/Vitis/2023.2/ide/electron-app/lnx64/resources/app/lib/bundle.js:2:1854741)
    at onMouseDown (file:///home/hyeonjun/AMD/Vitis/2023.2/ide/electron-app/lnx64/resources/app/lib/bundle.js:2:1852989)
    at Object.Ne (file:///home/hyeonjun/AMD/Vitis/2023.2/ide/electron-app/lnx64/resources/app/lib/bundle.js:2:12095470) 
2026-03-13 22:28:54 [debug] : [ProjectDecorator] tree decoration updated 
2026-03-13 22:28:54 [debug] : [ProjectCache] Project location updated to /home/hyeonjun/AMD/Vivado/source/camera2hdmi_final1.01/camera2hdmi_final1.01/vitis_workspace/my_platform 
2026-03-13 22:28:55 [debug] : [ProjectDecorator] tree decoration updated 
2026-03-13 22:28:55 [debug] : [ProjectCache] Project location updated to /home/hyeonjun/AMD/Vivado/source/camera2hdmi_final1.01/camera2hdmi_final1.01/vitis_workspace/my_platform 
2026-03-13 22:30:50 [debug] : [ProjectDecorator] tree decoration updated 
2026-03-13 22:30:50 [debug] : [ProjectCache] Project location updated to /home/hyeonjun/AMD/Vivado/source/camera2hdmi_final1.01/camera2hdmi_final1.01/vitis_workspace/camera_app 
2026-03-13 22:30:50 [debug] : RIGEL SERVER 22:30:50 INFO  : Found no platform with name 'my_platform' in install repositories 
2026-03-13 22:30:50 [debug] : Request getPlatform failed with error: 3 INVALID_ARGUMENT: Could not find platform at /home/hyw75/camera2hdmi_final/vitis_workspace/my_platform/export/my_platform/my_platform.xpfm {"0":"Error: 3 INVALID_ARGUMENT: Could not find platform at /home/hyw75/camera2hdmi_final/vitis_workspace/my_platform/export/my_platform/my_platform.xpfm\n    at Object.callErrorFromStatus (/home/hyeonjun/AMD/Vitis/2023.2/ide/electron-app/lnx64/resources/app/node_modules/@grpc/grpc-js/build/src/call.js:31:26)\n    at Object.onReceiveStatus (/home/hyeonjun/AMD/Vitis/2023.2/ide/electron-app/lnx64/resources/app/node_modules/@grpc/grpc-js/build/src/client.js:180:52)\n    at Object.onReceiveStatus (/home/hyeonjun/AMD/Vitis/2023.2/ide/electron-app/lnx64/resources/app/node_modules/@grpc/grpc-js/build/src/client-interceptors.js:336:141)\n    at Object.onReceiveStatus (/home/hyeonjun/AMD/Vitis/2023.2/ide/electron-app/lnx64/resources/app/node_modules/@grpc/grpc-js/build/src/client-interceptors.js:299:181)\n    at /home/hyeonjun/AMD/Vitis/2023.2/ide/electron-app/lnx64/resources/app/node_modules/@grpc/grpc-js/build/src/call-stream.js:160:78\n    at processTicksAndRejections (node:internal/process/task_queues:78:11)"}
2026-03-13 22:30:50 [debug] : MonacoEditorModel.cancelSync {"0":"file:///home/hyeonjun/AMD/Vivado/source/camera2hdmi_final1.01/camera2hdmi_final1.01/vitis_workspace/logs/vitis.log"}
2026-03-13 22:30:50 [debug] : MonacoEditorModel.doSync - enter {"0":"file:///home/hyeonjun/AMD/Vivado/source/camera2hdmi_final1.01/camera2hdmi_final1.01/vitis_workspace/logs/vitis.log"}
2026-03-13 22:30:50 [debug] : MonacoEditorModel.fireDidChangeContent - enter - {
  "changes": [
    {
      "range": {
        "startLineNumber": 181,
        "startColumn": 1,
        "endLineNumber": 181,
        "endColumn": 1
      },
      "rangeLength": 0,
      "text": "22:30:50 INFO  : Found no platform with name 'my_platform' in install repositories\n",
      "rangeOffset": 21871,
      "forceMoveMarkers": true
    }
  ],
  "eol": "\n",
  "versionId": 9,
  "isUndoing": false,
  "isRedoing": false,
  "isFlush": false
} {"0":"file:///home/hyeonjun/AMD/Vivado/source/camera2hdmi_final1.01/camera2hdmi_final1.01/vitis_workspace/logs/vitis.log"}
2026-03-13 22:30:50 [debug] : MonacoEditorModel.markAsDirty - enter {"0":"file:///home/hyeonjun/AMD/Vivado/source/camera2hdmi_final1.01/camera2hdmi_final1.01/vitis_workspace/logs/vitis.log"}
2026-03-13 22:30:50 [debug] : MonacoEditorModel.markAsDirty - exit - ignoring dirty changes enabled {"0":"file:///home/hyeonjun/AMD/Vivado/source/camera2hdmi_final1.01/camera2hdmi_final1.01/vitis_workspace/logs/vitis.log"}
2026-03-13 22:30:50 [debug] : MonacoEditorModel.fireDidChangeContent - exit {"0":"file:///home/hyeonjun/AMD/Vivado/source/camera2hdmi_final1.01/camera2hdmi_final1.01/vitis_workspace/logs/vitis.log"}
2026-03-13 22:30:50 [debug] : MonacoEditorModel.doSync - exit {"0":"file:///home/hyeonjun/AMD/Vivado/source/camera2hdmi_final1.01/camera2hdmi_final1.01/vitis_workspace/logs/vitis.log"}
2026-03-13 22:30:52 [debug] : [ProjectDecorator] tree decoration updated 
2026-03-13 22:30:52 [debug] : [ProjectCache] Project location updated to /home/hyeonjun/AMD/Vivado/source/camera2hdmi_final1.01/camera2hdmi_final1.01/vitis_workspace/my_platform 
2026-03-13 22:31:27 [debug] : [ProjectDecorator] tree decoration updated 
2026-03-13 22:31:27 [debug] : [ProjectCache] Project location updated to /home/hyeonjun/AMD/Vivado/source/camera2hdmi_final1.01/camera2hdmi_final1.01/vitis_workspace/camera_app 
2026-03-13 22:31:27 [debug] : RIGEL SERVER 22:31:27 INFO  : Found no platform with name 'my_platform' in install repositories 
2026-03-13 22:31:27 [debug] : Request getPlatform failed with error: 3 INVALID_ARGUMENT: Could not find platform at /home/hyw75/camera2hdmi_final/vitis_workspace/my_platform/export/my_platform/my_platform.xpfm {"0":"Error: 3 INVALID_ARGUMENT: Could not find platform at /home/hyw75/camera2hdmi_final/vitis_workspace/my_platform/export/my_platform/my_platform.xpfm\n    at Object.callErrorFromStatus (/home/hyeonjun/AMD/Vitis/2023.2/ide/electron-app/lnx64/resources/app/node_modules/@grpc/grpc-js/build/src/call.js:31:26)\n    at Object.onReceiveStatus (/home/hyeonjun/AMD/Vitis/2023.2/ide/electron-app/lnx64/resources/app/node_modules/@grpc/grpc-js/build/src/client.js:180:52)\n    at Object.onReceiveStatus (/home/hyeonjun/AMD/Vitis/2023.2/ide/electron-app/lnx64/resources/app/node_modules/@grpc/grpc-js/build/src/client-interceptors.js:336:141)\n    at Object.onReceiveStatus (/home/hyeonjun/AMD/Vitis/2023.2/ide/electron-app/lnx64/resources/app/node_modules/@grpc/grpc-js/build/src/client-interceptors.js:299:181)\n    at /home/hyeonjun/AMD/Vitis/2023.2/ide/electron-app/lnx64/resources/app/node_modules/@grpc/grpc-js/build/src/call-stream.js:160:78\n    at processTicksAndRejections (node:internal/process/task_queues:78:11)"}
2026-03-13 22:31:27 [debug] : MonacoEditorModel.cancelSync {"0":"file:///home/hyeonjun/AMD/Vivado/source/camera2hdmi_final1.01/camera2hdmi_final1.01/vitis_workspace/logs/vitis.log"}
2026-03-13 22:31:27 [debug] : MonacoEditorModel.doSync - enter {"0":"file:///home/hyeonjun/AMD/Vivado/source/camera2hdmi_final1.01/camera2hdmi_final1.01/vitis_workspace/logs/vitis.log"}
2026-03-13 22:31:27 [debug] : MonacoEditorModel.fireDidChangeContent - enter - {
  "changes": [
    {
      "range": {
        "startLineNumber": 182,
        "startColumn": 1,
        "endLineNumber": 182,
        "endColumn": 1
      },
      "rangeLength": 0,
      "text": "22:31:27 INFO  : Found no platform with name 'my_platform' in install repositories\n",
      "rangeOffset": 21954,
      "forceMoveMarkers": true
    }
  ],
  "eol": "\n",
  "versionId": 10,
  "isUndoing": false,
  "isRedoing": false,
  "isFlush": false
} {"0":"file:///home/hyeonjun/AMD/Vivado/source/camera2hdmi_final1.01/camera2hdmi_final1.01/vitis_workspace/logs/vitis.log"}
2026-03-13 22:31:27 [debug] : MonacoEditorModel.markAsDirty - enter {"0":"file:///home/hyeonjun/AMD/Vivado/source/camera2hdmi_final1.01/camera2hdmi_final1.01/vitis_workspace/logs/vitis.log"}
2026-03-13 22:31:27 [debug] : MonacoEditorModel.markAsDirty - exit - ignoring dirty changes enabled {"0":"file:///home/hyeonjun/AMD/Vivado/source/camera2hdmi_final1.01/camera2hdmi_final1.01/vitis_workspace/logs/vitis.log"}
2026-03-13 22:31:27 [debug] : MonacoEditorModel.fireDidChangeContent - exit {"0":"file:///home/hyeonjun/AMD/Vivado/source/camera2hdmi_final1.01/camera2hdmi_final1.01/vitis_workspace/logs/vitis.log"}
2026-03-13 22:31:27 [debug] : MonacoEditorModel.doSync - exit {"0":"file:///home/hyeonjun/AMD/Vivado/source/camera2hdmi_final1.01/camera2hdmi_final1.01/vitis_workspace/logs/vitis.log"}
2026-03-13 22:31:48 [debug] : [ProjectDecorator] tree decoration updated 
2026-03-13 22:31:48 [debug] : [ProjectCache] Project location updated to /home/hyeonjun/AMD/Vivado/source/camera2hdmi_final1.01/camera2hdmi_final1.01/vitis_workspace/my_platform 
2026-03-13 22:31:49 [debug] : [ProjectDecorator] tree decoration updated 
2026-03-13 22:31:49 [debug] : [ProjectCache] Project location updated to /home/hyeonjun/AMD/Vivado/source/camera2hdmi_final1.01/camera2hdmi_final1.01/vitis_workspace/camera_app 
2026-03-13 22:31:49 [debug] : RIGEL SERVER 22:31:49 INFO  : Found no platform with name 'my_platform' in install repositories 
2026-03-13 22:31:49 [debug] : Request getPlatform failed with error: 3 INVALID_ARGUMENT: Could not find platform at /home/hyw75/camera2hdmi_final/vitis_workspace/my_platform/export/my_platform/my_platform.xpfm {"0":"Error: 3 INVALID_ARGUMENT: Could not find platform at /home/hyw75/camera2hdmi_final/vitis_workspace/my_platform/export/my_platform/my_platform.xpfm\n    at Object.callErrorFromStatus (/home/hyeonjun/AMD/Vitis/2023.2/ide/electron-app/lnx64/resources/app/node_modules/@grpc/grpc-js/build/src/call.js:31:26)\n    at Object.onReceiveStatus (/home/hyeonjun/AMD/Vitis/2023.2/ide/electron-app/lnx64/resources/app/node_modules/@grpc/grpc-js/build/src/client.js:180:52)\n    at Object.onReceiveStatus (/home/hyeonjun/AMD/Vitis/2023.2/ide/electron-app/lnx64/resources/app/node_modules/@grpc/grpc-js/build/src/client-interceptors.js:336:141)\n    at Object.onReceiveStatus (/home/hyeonjun/AMD/Vitis/2023.2/ide/electron-app/lnx64/resources/app/node_modules/@grpc/grpc-js/build/src/client-interceptors.js:299:181)\n    at /home/hyeonjun/AMD/Vitis/2023.2/ide/electron-app/lnx64/resources/app/node_modules/@grpc/grpc-js/build/src/call-stream.js:160:78\n    at processTicksAndRejections (node:internal/process/task_queues:78:11)"}
2026-03-13 22:31:49 [debug] : MonacoEditorModel.cancelSync {"0":"file:///home/hyeonjun/AMD/Vivado/source/camera2hdmi_final1.01/camera2hdmi_final1.01/vitis_workspace/logs/vitis.log"}
2026-03-13 22:31:49 [debug] : MonacoEditorModel.doSync - enter {"0":"file:///home/hyeonjun/AMD/Vivado/source/camera2hdmi_final1.01/camera2hdmi_final1.01/vitis_workspace/logs/vitis.log"}
2026-03-13 22:31:49 [debug] : MonacoEditorModel.fireDidChangeContent - enter - {
  "changes": [
    {
      "range": {
        "startLineNumber": 183,
        "startColumn": 1,
        "endLineNumber": 183,
        "endColumn": 1
      },
      "rangeLength": 0,
      "text": "22:31:49 INFO  : Found no platform with name 'my_platform' in install repositories\n",
      "rangeOffset": 22037,
      "forceMoveMarkers": true
    }
  ],
  "eol": "\n",
  "versionId": 11,
  "isUndoing": false,
  "isRedoing": false,
  "isFlush": false
} {"0":"file:///home/hyeonjun/AMD/Vivado/source/camera2hdmi_final1.01/camera2hdmi_final1.01/vitis_workspace/logs/vitis.log"}
2026-03-13 22:31:49 [debug] : MonacoEditorModel.markAsDirty - enter {"0":"file:///home/hyeonjun/AMD/Vivado/source/camera2hdmi_final1.01/camera2hdmi_final1.01/vitis_workspace/logs/vitis.log"}
2026-03-13 22:31:49 [debug] : MonacoEditorModel.markAsDirty - exit - ignoring dirty changes enabled {"0":"file:///home/hyeonjun/AMD/Vivado/source/camera2hdmi_final1.01/camera2hdmi_final1.01/vitis_workspace/logs/vitis.log"}
2026-03-13 22:31:49 [debug] : MonacoEditorModel.fireDidChangeContent - exit {"0":"file:///home/hyeonjun/AMD/Vivado/source/camera2hdmi_final1.01/camera2hdmi_final1.01/vitis_workspace/logs/vitis.log"}
2026-03-13 22:31:49 [debug] : MonacoEditorModel.doSync - exit {"0":"file:///home/hyeonjun/AMD/Vivado/source/camera2hdmi_final1.01/camera2hdmi_final1.01/vitis_workspace/logs/vitis.log"}
2026-03-13 22:34:42 [debug] : [Repository Server] Executing method:listRepoPaths with connection:(object). {"0":"request:","1":{"name":""}}
2026-03-13 22:34:42 [debug] : [Repository Service] Executing method:listRepoPaths from frontend. {"0":"request:","1":{"name":""}}
2026-03-13 22:34:42 [debug] :  React.useEffect 
2026-03-13 22:34:42 [debug] : [Repository Service] Executing method:listPlatforms from frontend. {"0":"request:","1":{"name":"","repoPath":"","ignoreCertifiedRequisite":true,"flowList":[]}}
2026-03-13 22:34:42 [debug] : [Repository Server] Executing method:listPlatforms with connection:(object). {"0":"request:","1":{"name":"","repoPath":"","ignoreCertifiedRequisite":true,"flowList":[]}}
2026-03-13 22:35:17 [debug] : [Repository Server] Executing method:listRepoPaths with connection:(object). {"0":"request:","1":{"name":""}}
2026-03-13 22:35:17 [debug] : [Repository Service] Executing method:listRepoPaths from frontend. {"0":"request:","1":{"name":""}}
2026-03-13 22:35:17 [debug] :  React.useEffect 
2026-03-13 22:35:17 [debug] : [Repository Service] Executing method:listPlatforms from frontend. {"0":"request:","1":{"name":"","repoPath":"","ignoreCertifiedRequisite":true,"flowList":[]}}
2026-03-13 22:35:17 [debug] : [Repository Server] Executing method:listPlatforms with connection:(object). {"0":"request:","1":{"name":"","repoPath":"","ignoreCertifiedRequisite":true,"flowList":[]}}
2026-03-13 22:36:47 [debug] : [ProjectDecorator] tree decoration updated 
2026-03-13 22:36:47 [debug] : [ProjectCache] Project location updated to /home/hyeonjun/AMD/Vivado/source/camera2hdmi_final1.01/camera2hdmi_final1.01/vitis_workspace/camera_app 
2026-03-13 22:36:47 [debug] : RIGEL SERVER 22:36:47 INFO  : Found no platform with name 'my_platform' in install repositories 
2026-03-13 22:36:47 [debug] : Request getPlatform failed with error: 3 INVALID_ARGUMENT: Could not find platform at /home/hyw75/camera2hdmi_final/vitis_workspace/my_platform/export/my_platform/my_platform.xpfm {"0":"Error: 3 INVALID_ARGUMENT: Could not find platform at /home/hyw75/camera2hdmi_final/vitis_workspace/my_platform/export/my_platform/my_platform.xpfm\n    at Object.callErrorFromStatus (/home/hyeonjun/AMD/Vitis/2023.2/ide/electron-app/lnx64/resources/app/node_modules/@grpc/grpc-js/build/src/call.js:31:26)\n    at Object.onReceiveStatus (/home/hyeonjun/AMD/Vitis/2023.2/ide/electron-app/lnx64/resources/app/node_modules/@grpc/grpc-js/build/src/client.js:180:52)\n    at Object.onReceiveStatus (/home/hyeonjun/AMD/Vitis/2023.2/ide/electron-app/lnx64/resources/app/node_modules/@grpc/grpc-js/build/src/client-interceptors.js:336:141)\n    at Object.onReceiveStatus (/home/hyeonjun/AMD/Vitis/2023.2/ide/electron-app/lnx64/resources/app/node_modules/@grpc/grpc-js/build/src/client-interceptors.js:299:181)\n    at /home/hyeonjun/AMD/Vitis/2023.2/ide/electron-app/lnx64/resources/app/node_modules/@grpc/grpc-js/build/src/call-stream.js:160:78\n    at processTicksAndRejections (node:internal/process/task_queues:78:11)"}
2026-03-13 22:36:47 [debug] : MonacoEditorModel.cancelSync {"0":"file:///home/hyeonjun/AMD/Vivado/source/camera2hdmi_final1.01/camera2hdmi_final1.01/vitis_workspace/logs/vitis.log"}
2026-03-13 22:36:47 [debug] : MonacoEditorModel.doSync - enter {"0":"file:///home/hyeonjun/AMD/Vivado/source/camera2hdmi_final1.01/camera2hdmi_final1.01/vitis_workspace/logs/vitis.log"}
2026-03-13 22:36:47 [debug] : MonacoEditorModel.fireDidChangeContent - enter - {
  "changes": [
    {
      "range": {
        "startLineNumber": 184,
        "startColumn": 1,
        "endLineNumber": 184,
        "endColumn": 1
      },
      "rangeLength": 0,
      "text": "22:36:47 INFO  : Found no platform with name 'my_platform' in install repositories\n",
      "rangeOffset": 22120,
      "forceMoveMarkers": true
    }
  ],
  "eol": "\n",
  "versionId": 12,
  "isUndoing": false,
  "isRedoing": false,
  "isFlush": false
} {"0":"file:///home/hyeonjun/AMD/Vivado/source/camera2hdmi_final1.01/camera2hdmi_final1.01/vitis_workspace/logs/vitis.log"}
2026-03-13 22:36:47 [debug] : MonacoEditorModel.markAsDirty - enter {"0":"file:///home/hyeonjun/AMD/Vivado/source/camera2hdmi_final1.01/camera2hdmi_final1.01/vitis_workspace/logs/vitis.log"}
2026-03-13 22:36:47 [debug] : MonacoEditorModel.markAsDirty - exit - ignoring dirty changes enabled {"0":"file:///home/hyeonjun/AMD/Vivado/source/camera2hdmi_final1.01/camera2hdmi_final1.01/vitis_workspace/logs/vitis.log"}
2026-03-13 22:36:47 [debug] : MonacoEditorModel.fireDidChangeContent - exit {"0":"file:///home/hyeonjun/AMD/Vivado/source/camera2hdmi_final1.01/camera2hdmi_final1.01/vitis_workspace/logs/vitis.log"}
2026-03-13 22:36:47 [debug] : MonacoEditorModel.doSync - exit {"0":"file:///home/hyeonjun/AMD/Vivado/source/camera2hdmi_final1.01/camera2hdmi_final1.01/vitis_workspace/logs/vitis.log"}
2026-03-13 22:36:47 [debug] : [hosted-plugin: 45230] PLUGIN_HOST(45230): PluginManagerExtImpl/loadPlugin(/home/hyeonjun/AMD/Vitis/2023.2/ide/electron-app/lnx64/resources/app/plugins/twxs.cmake/extension/out/extension) 
2026-03-13 22:36:48 [debug] : [ProjectDecorator] tree decoration updated 
2026-03-13 22:36:48 [debug] : [ProjectCache] Project location updated to /home/hyeonjun/AMD/Vivado/source/camera2hdmi_final1.01/camera2hdmi_final1.01/vitis_workspace/camera_app 
2026-03-13 22:36:48 [debug] : RIGEL SERVER 22:36:48 INFO  : Found no platform with name 'my_platform' in install repositories 
2026-03-13 22:36:48 [debug] : Request getPlatform failed with error: 3 INVALID_ARGUMENT: Could not find platform at /home/hyw75/camera2hdmi_final/vitis_workspace/my_platform/export/my_platform/my_platform.xpfm {"0":"Error: 3 INVALID_ARGUMENT: Could not find platform at /home/hyw75/camera2hdmi_final/vitis_workspace/my_platform/export/my_platform/my_platform.xpfm\n    at Object.callErrorFromStatus (/home/hyeonjun/AMD/Vitis/2023.2/ide/electron-app/lnx64/resources/app/node_modules/@grpc/grpc-js/build/src/call.js:31:26)\n    at Object.onReceiveStatus (/home/hyeonjun/AMD/Vitis/2023.2/ide/electron-app/lnx64/resources/app/node_modules/@grpc/grpc-js/build/src/client.js:180:52)\n    at Object.onReceiveStatus (/home/hyeonjun/AMD/Vitis/2023.2/ide/electron-app/lnx64/resources/app/node_modules/@grpc/grpc-js/build/src/client-interceptors.js:336:141)\n    at Object.onReceiveStatus (/home/hyeonjun/AMD/Vitis/2023.2/ide/electron-app/lnx64/resources/app/node_modules/@grpc/grpc-js/build/src/client-interceptors.js:299:181)\n    at /home/hyeonjun/AMD/Vitis/2023.2/ide/electron-app/lnx64/resources/app/node_modules/@grpc/grpc-js/build/src/call-stream.js:160:78\n    at processTicksAndRejections (node:internal/process/task_queues:78:11)"}
2026-03-13 22:36:48 [debug] : MonacoEditorModel.cancelSync {"0":"file:///home/hyeonjun/AMD/Vivado/source/camera2hdmi_final1.01/camera2hdmi_final1.01/vitis_workspace/logs/vitis.log"}
2026-03-13 22:36:48 [debug] : MonacoEditorModel.doSync - enter {"0":"file:///home/hyeonjun/AMD/Vivado/source/camera2hdmi_final1.01/camera2hdmi_final1.01/vitis_workspace/logs/vitis.log"}
2026-03-13 22:36:48 [debug] : MonacoEditorModel.fireDidChangeContent - enter - {
  "changes": [
    {
      "range": {
        "startLineNumber": 185,
        "startColumn": 1,
        "endLineNumber": 185,
        "endColumn": 1
      },
      "rangeLength": 0,
      "text": "22:36:48 INFO  : Found no platform with name 'my_platform' in install repositories\n",
      "rangeOffset": 22203,
      "forceMoveMarkers": true
    }
  ],
  "eol": "\n",
  "versionId": 13,
  "isUndoing": false,
  "isRedoing": false,
  "isFlush": false
} {"0":"file:///home/hyeonjun/AMD/Vivado/source/camera2hdmi_final1.01/camera2hdmi_final1.01/vitis_workspace/logs/vitis.log"}
2026-03-13 22:36:48 [debug] : MonacoEditorModel.markAsDirty - enter {"0":"file:///home/hyeonjun/AMD/Vivado/source/camera2hdmi_final1.01/camera2hdmi_final1.01/vitis_workspace/logs/vitis.log"}
2026-03-13 22:36:48 [debug] : MonacoEditorModel.markAsDirty - exit - ignoring dirty changes enabled {"0":"file:///home/hyeonjun/AMD/Vivado/source/camera2hdmi_final1.01/camera2hdmi_final1.01/vitis_workspace/logs/vitis.log"}
2026-03-13 22:36:48 [debug] : MonacoEditorModel.fireDidChangeContent - exit {"0":"file:///home/hyeonjun/AMD/Vivado/source/camera2hdmi_final1.01/camera2hdmi_final1.01/vitis_workspace/logs/vitis.log"}
2026-03-13 22:36:48 [debug] : MonacoEditorModel.doSync - exit {"0":"file:///home/hyeonjun/AMD/Vivado/source/camera2hdmi_final1.01/camera2hdmi_final1.01/vitis_workspace/logs/vitis.log"}
2026-03-13 22:37:12 [debug] : [ProjectDecorator] tree decoration updated 
2026-03-13 22:37:12 [debug] : [ProjectCache] Project location updated to /home/hyeonjun/AMD/Vivado/source/camera2hdmi_final1.01/camera2hdmi_final1.01/vitis_workspace/camera_app 
2026-03-13 22:37:12 [debug] : RIGEL SERVER 22:37:12 INFO  : Found no platform with name 'my_platform' in install repositories 
2026-03-13 22:37:12 [debug] : Request getPlatform failed with error: 3 INVALID_ARGUMENT: Could not find platform at /home/hyw75/camera2hdmi_final/vitis_workspace/my_platform/export/my_platform/my_platform.xpfm {"0":"Error: 3 INVALID_ARGUMENT: Could not find platform at /home/hyw75/camera2hdmi_final/vitis_workspace/my_platform/export/my_platform/my_platform.xpfm\n    at Object.callErrorFromStatus (/home/hyeonjun/AMD/Vitis/2023.2/ide/electron-app/lnx64/resources/app/node_modules/@grpc/grpc-js/build/src/call.js:31:26)\n    at Object.onReceiveStatus (/home/hyeonjun/AMD/Vitis/2023.2/ide/electron-app/lnx64/resources/app/node_modules/@grpc/grpc-js/build/src/client.js:180:52)\n    at Object.onReceiveStatus (/home/hyeonjun/AMD/Vitis/2023.2/ide/electron-app/lnx64/resources/app/node_modules/@grpc/grpc-js/build/src/client-interceptors.js:336:141)\n    at Object.onReceiveStatus (/home/hyeonjun/AMD/Vitis/2023.2/ide/electron-app/lnx64/resources/app/node_modules/@grpc/grpc-js/build/src/client-interceptors.js:299:181)\n    at /home/hyeonjun/AMD/Vitis/2023.2/ide/electron-app/lnx64/resources/app/node_modules/@grpc/grpc-js/build/src/call-stream.js:160:78\n    at processTicksAndRejections (node:internal/process/task_queues:78:11)"}
2026-03-13 22:37:12 [debug] : MonacoEditorModel.cancelSync {"0":"file:///home/hyeonjun/AMD/Vivado/source/camera2hdmi_final1.01/camera2hdmi_final1.01/vitis_workspace/logs/vitis.log"}
2026-03-13 22:37:12 [debug] : MonacoEditorModel.doSync - enter {"0":"file:///home/hyeonjun/AMD/Vivado/source/camera2hdmi_final1.01/camera2hdmi_final1.01/vitis_workspace/logs/vitis.log"}
2026-03-13 22:37:12 [debug] : MonacoEditorModel.fireDidChangeContent - enter - {
  "changes": [
    {
      "range": {
        "startLineNumber": 186,
        "startColumn": 1,
        "endLineNumber": 186,
        "endColumn": 1
      },
      "rangeLength": 0,
      "text": "22:37:12 INFO  : Found no platform with name 'my_platform' in install repositories\n",
      "rangeOffset": 22286,
      "forceMoveMarkers": true
    }
  ],
  "eol": "\n",
  "versionId": 14,
  "isUndoing": false,
  "isRedoing": false,
  "isFlush": false
} {"0":"file:///home/hyeonjun/AMD/Vivado/source/camera2hdmi_final1.01/camera2hdmi_final1.01/vitis_workspace/logs/vitis.log"}
2026-03-13 22:37:12 [debug] : MonacoEditorModel.markAsDirty - enter {"0":"file:///home/hyeonjun/AMD/Vivado/source/camera2hdmi_final1.01/camera2hdmi_final1.01/vitis_workspace/logs/vitis.log"}
2026-03-13 22:37:12 [debug] : MonacoEditorModel.markAsDirty - exit - ignoring dirty changes enabled {"0":"file:///home/hyeonjun/AMD/Vivado/source/camera2hdmi_final1.01/camera2hdmi_final1.01/vitis_workspace/logs/vitis.log"}
2026-03-13 22:37:12 [debug] : MonacoEditorModel.fireDidChangeContent - exit {"0":"file:///home/hyeonjun/AMD/Vivado/source/camera2hdmi_final1.01/camera2hdmi_final1.01/vitis_workspace/logs/vitis.log"}
2026-03-13 22:37:12 [debug] : MonacoEditorModel.doSync - exit {"0":"file:///home/hyeonjun/AMD/Vivado/source/camera2hdmi_final1.01/camera2hdmi_final1.01/vitis_workspace/logs/vitis.log"}
2026-03-13 22:37:13 [debug] : [ProjectDecorator] tree decoration updated 
2026-03-13 22:37:13 [debug] : [ProjectCache] Project location updated to /home/hyeonjun/AMD/Vivado/source/camera2hdmi_final1.01/camera2hdmi_final1.01/vitis_workspace/camera_app 
2026-03-13 22:37:13 [debug] : RIGEL SERVER 22:37:13 INFO  : Found no platform with name 'my_platform' in install repositories 
2026-03-13 22:37:13 [debug] : Request getPlatform failed with error: 3 INVALID_ARGUMENT: Could not find platform at /home/hyw75/camera2hdmi_final/vitis_workspace/my_platform/export/my_platform/my_platform.xpfm {"0":"Error: 3 INVALID_ARGUMENT: Could not find platform at /home/hyw75/camera2hdmi_final/vitis_workspace/my_platform/export/my_platform/my_platform.xpfm\n    at Object.callErrorFromStatus (/home/hyeonjun/AMD/Vitis/2023.2/ide/electron-app/lnx64/resources/app/node_modules/@grpc/grpc-js/build/src/call.js:31:26)\n    at Object.onReceiveStatus (/home/hyeonjun/AMD/Vitis/2023.2/ide/electron-app/lnx64/resources/app/node_modules/@grpc/grpc-js/build/src/client.js:180:52)\n    at Object.onReceiveStatus (/home/hyeonjun/AMD/Vitis/2023.2/ide/electron-app/lnx64/resources/app/node_modules/@grpc/grpc-js/build/src/client-interceptors.js:336:141)\n    at Object.onReceiveStatus (/home/hyeonjun/AMD/Vitis/2023.2/ide/electron-app/lnx64/resources/app/node_modules/@grpc/grpc-js/build/src/client-interceptors.js:299:181)\n    at /home/hyeonjun/AMD/Vitis/2023.2/ide/electron-app/lnx64/resources/app/node_modules/@grpc/grpc-js/build/src/call-stream.js:160:78\n    at processTicksAndRejections (node:internal/process/task_queues:78:11)"}
2026-03-13 22:37:13 [debug] : MonacoEditorModel.cancelSync {"0":"file:///home/hyeonjun/AMD/Vivado/source/camera2hdmi_final1.01/camera2hdmi_final1.01/vitis_workspace/logs/vitis.log"}
2026-03-13 22:37:13 [debug] : MonacoEditorModel.doSync - enter {"0":"file:///home/hyeonjun/AMD/Vivado/source/camera2hdmi_final1.01/camera2hdmi_final1.01/vitis_workspace/logs/vitis.log"}
2026-03-13 22:37:13 [debug] : MonacoEditorModel.fireDidChangeContent - enter - {
  "changes": [
    {
      "range": {
        "startLineNumber": 187,
        "startColumn": 1,
        "endLineNumber": 187,
        "endColumn": 1
      },
      "rangeLength": 0,
      "text": "22:37:13 INFO  : Found no platform with name 'my_platform' in install repositories\n",
      "rangeOffset": 22369,
      "forceMoveMarkers": true
    }
  ],
  "eol": "\n",
  "versionId": 15,
  "isUndoing": false,
  "isRedoing": false,
  "isFlush": false
} {"0":"file:///home/hyeonjun/AMD/Vivado/source/camera2hdmi_final1.01/camera2hdmi_final1.01/vitis_workspace/logs/vitis.log"}
2026-03-13 22:37:13 [debug] : MonacoEditorModel.markAsDirty - enter {"0":"file:///home/hyeonjun/AMD/Vivado/source/camera2hdmi_final1.01/camera2hdmi_final1.01/vitis_workspace/logs/vitis.log"}
2026-03-13 22:37:13 [debug] : MonacoEditorModel.markAsDirty - exit - ignoring dirty changes enabled {"0":"file:///home/hyeonjun/AMD/Vivado/source/camera2hdmi_final1.01/camera2hdmi_final1.01/vitis_workspace/logs/vitis.log"}
2026-03-13 22:37:13 [debug] : MonacoEditorModel.fireDidChangeContent - exit {"0":"file:///home/hyeonjun/AMD/Vivado/source/camera2hdmi_final1.01/camera2hdmi_final1.01/vitis_workspace/logs/vitis.log"}
2026-03-13 22:37:13 [debug] : MonacoEditorModel.doSync - exit {"0":"file:///home/hyeonjun/AMD/Vivado/source/camera2hdmi_final1.01/camera2hdmi_final1.01/vitis_workspace/logs/vitis.log"}
2026-03-13 22:37:13 [debug] : [ProjectDecorator] tree decoration updated 
2026-03-13 22:37:13 [debug] : [ProjectCache] Project location updated to /home/hyeonjun/AMD/Vivado/source/camera2hdmi_final1.01/camera2hdmi_final1.01/vitis_workspace/camera_app 
2026-03-13 22:37:13 [debug] : RIGEL SERVER 22:37:13 INFO  : Found no platform with name 'my_platform' in install repositories 
2026-03-13 22:37:13 [debug] : Request getPlatform failed with error: 3 INVALID_ARGUMENT: Could not find platform at /home/hyw75/camera2hdmi_final/vitis_workspace/my_platform/export/my_platform/my_platform.xpfm {"0":"Error: 3 INVALID_ARGUMENT: Could not find platform at /home/hyw75/camera2hdmi_final/vitis_workspace/my_platform/export/my_platform/my_platform.xpfm\n    at Object.callErrorFromStatus (/home/hyeonjun/AMD/Vitis/2023.2/ide/electron-app/lnx64/resources/app/node_modules/@grpc/grpc-js/build/src/call.js:31:26)\n    at Object.onReceiveStatus (/home/hyeonjun/AMD/Vitis/2023.2/ide/electron-app/lnx64/resources/app/node_modules/@grpc/grpc-js/build/src/client.js:180:52)\n    at Object.onReceiveStatus (/home/hyeonjun/AMD/Vitis/2023.2/ide/electron-app/lnx64/resources/app/node_modules/@grpc/grpc-js/build/src/client-interceptors.js:336:141)\n    at Object.onReceiveStatus (/home/hyeonjun/AMD/Vitis/2023.2/ide/electron-app/lnx64/resources/app/node_modules/@grpc/grpc-js/build/src/client-interceptors.js:299:181)\n    at /home/hyeonjun/AMD/Vitis/2023.2/ide/electron-app/lnx64/resources/app/node_modules/@grpc/grpc-js/build/src/call-stream.js:160:78\n    at processTicksAndRejections (node:internal/process/task_queues:78:11)"}
2026-03-13 22:37:14 [debug] : MonacoEditorModel.cancelSync {"0":"file:///home/hyeonjun/AMD/Vivado/source/camera2hdmi_final1.01/camera2hdmi_final1.01/vitis_workspace/logs/vitis.log"}
2026-03-13 22:37:14 [debug] : MonacoEditorModel.doSync - enter {"0":"file:///home/hyeonjun/AMD/Vivado/source/camera2hdmi_final1.01/camera2hdmi_final1.01/vitis_workspace/logs/vitis.log"}
2026-03-13 22:37:14 [debug] : MonacoEditorModel.fireDidChangeContent - enter - {
  "changes": [
    {
      "range": {
        "startLineNumber": 188,
        "startColumn": 1,
        "endLineNumber": 188,
        "endColumn": 1
      },
      "rangeLength": 0,
      "text": "22:37:13 INFO  : Found no platform with name 'my_platform' in install repositories\n",
      "rangeOffset": 22452,
      "forceMoveMarkers": true
    }
  ],
  "eol": "\n",
  "versionId": 16,
  "isUndoing": false,
  "isRedoing": false,
  "isFlush": false
} {"0":"file:///home/hyeonjun/AMD/Vivado/source/camera2hdmi_final1.01/camera2hdmi_final1.01/vitis_workspace/logs/vitis.log"}
2026-03-13 22:37:14 [debug] : MonacoEditorModel.markAsDirty - enter {"0":"file:///home/hyeonjun/AMD/Vivado/source/camera2hdmi_final1.01/camera2hdmi_final1.01/vitis_workspace/logs/vitis.log"}
2026-03-13 22:37:14 [debug] : MonacoEditorModel.markAsDirty - exit - ignoring dirty changes enabled {"0":"file:///home/hyeonjun/AMD/Vivado/source/camera2hdmi_final1.01/camera2hdmi_final1.01/vitis_workspace/logs/vitis.log"}
2026-03-13 22:37:14 [debug] : MonacoEditorModel.fireDidChangeContent - exit {"0":"file:///home/hyeonjun/AMD/Vivado/source/camera2hdmi_final1.01/camera2hdmi_final1.01/vitis_workspace/logs/vitis.log"}
2026-03-13 22:37:14 [debug] : MonacoEditorModel.doSync - exit {"0":"file:///home/hyeonjun/AMD/Vivado/source/camera2hdmi_final1.01/camera2hdmi_final1.01/vitis_workspace/logs/vitis.log"}
2026-03-13 22:37:26 [debug] : [Platform Server] Executing method:[generatePlatform] with connection:(object). {"0":"request:","1":"/home/hyeonjun/AMD/Vivado/source/camera2hdmi_final1.01/camera2hdmi_final1.01/vitis_workspace/camera_app"}
2026-03-13 22:37:26 [debug] : [Platform Server] Generate platform requested for camera_app with internal id '9c820de9-fb74-422f-8547-01653d1432b8'. 
2026-03-13 22:37:26 [debug] : [Platform Server] Generate platform error occurred and the stream has ended 'camera_app' with internal id '9c820de9-fb74-422f-8547-01653d1432b8'. 
2026-03-13 22:37:26 [error] : [Platform Server] Generate platform error occurred and the stream has ended - camera_app. 
2026-03-13 22:37:26 [debug] : [Platform Server] Generate platform error occurred and the stream has ended - camera_app. 
2026-03-13 22:37:26 [debug] : [Platform Server] Generate platform status event - label: camera_app, status_code:13, status_details:Given component location is not a valid platform component.. 
2026-03-13 22:37:26 [debug] : [Platform Server] Generate platform output steam finished on 'camera_app' with internal id '9c820de9-fb74-422f-8547-01653d1432b8'. 
2026-03-13 22:37:26 [info] : [Platform Server] Generate platform output stream finished - camera_app. 
2026-03-13 22:37:26 [debug] : RIGEL SERVER 22:37:26 INFO  : Found no platform with name 'my_platform' in install repositories 
2026-03-13 22:37:26 [debug] : Request getPlatform failed with error: 3 INVALID_ARGUMENT: Could not find platform at /home/hyw75/camera2hdmi_final/vitis_workspace/my_platform/export/my_platform/my_platform.xpfm {"0":"Error: 3 INVALID_ARGUMENT: Could not find platform at /home/hyw75/camera2hdmi_final/vitis_workspace/my_platform/export/my_platform/my_platform.xpfm\n    at Object.callErrorFromStatus (/home/hyeonjun/AMD/Vitis/2023.2/ide/electron-app/lnx64/resources/app/node_modules/@grpc/grpc-js/build/src/call.js:31:26)\n    at Object.onReceiveStatus (/home/hyeonjun/AMD/Vitis/2023.2/ide/electron-app/lnx64/resources/app/node_modules/@grpc/grpc-js/build/src/client.js:180:52)\n    at Object.onReceiveStatus (/home/hyeonjun/AMD/Vitis/2023.2/ide/electron-app/lnx64/resources/app/node_modules/@grpc/grpc-js/build/src/client-interceptors.js:336:141)\n    at Object.onReceiveStatus (/home/hyeonjun/AMD/Vitis/2023.2/ide/electron-app/lnx64/resources/app/node_modules/@grpc/grpc-js/build/src/client-interceptors.js:299:181)\n    at /home/hyeonjun/AMD/Vitis/2023.2/ide/electron-app/lnx64/resources/app/node_modules/@grpc/grpc-js/build/src/call-stream.js:160:78\n    at processTicksAndRejections (node:internal/process/task_queues:78:11)"}
2026-03-13 22:37:26 [debug] : MonacoEditorModel.cancelSync {"0":"file:///home/hyeonjun/AMD/Vivado/source/camera2hdmi_final1.01/camera2hdmi_final1.01/vitis_workspace/logs/vitis.log"}
2026-03-13 22:37:26 [debug] : MonacoEditorModel.doSync - enter {"0":"file:///home/hyeonjun/AMD/Vivado/source/camera2hdmi_final1.01/camera2hdmi_final1.01/vitis_workspace/logs/vitis.log"}
2026-03-13 22:37:26 [debug] : MonacoEditorModel.fireDidChangeContent - enter - {
  "changes": [
    {
      "range": {
        "startLineNumber": 189,
        "startColumn": 1,
        "endLineNumber": 189,
        "endColumn": 1
      },
      "rangeLength": 0,
      "text": "22:37:26 INFO  : Found no platform with name 'my_platform' in install repositories\n",
      "rangeOffset": 22535,
      "forceMoveMarkers": true
    }
  ],
  "eol": "\n",
  "versionId": 17,
  "isUndoing": false,
  "isRedoing": false,
  "isFlush": false
} {"0":"file:///home/hyeonjun/AMD/Vivado/source/camera2hdmi_final1.01/camera2hdmi_final1.01/vitis_workspace/logs/vitis.log"}
2026-03-13 22:37:26 [debug] : MonacoEditorModel.markAsDirty - enter {"0":"file:///home/hyeonjun/AMD/Vivado/source/camera2hdmi_final1.01/camera2hdmi_final1.01/vitis_workspace/logs/vitis.log"}
2026-03-13 22:37:26 [debug] : MonacoEditorModel.markAsDirty - exit - ignoring dirty changes enabled {"0":"file:///home/hyeonjun/AMD/Vivado/source/camera2hdmi_final1.01/camera2hdmi_final1.01/vitis_workspace/logs/vitis.log"}
2026-03-13 22:37:26 [debug] : MonacoEditorModel.fireDidChangeContent - exit {"0":"file:///home/hyeonjun/AMD/Vivado/source/camera2hdmi_final1.01/camera2hdmi_final1.01/vitis_workspace/logs/vitis.log"}
2026-03-13 22:37:26 [debug] : MonacoEditorModel.doSync - exit {"0":"file:///home/hyeonjun/AMD/Vivado/source/camera2hdmi_final1.01/camera2hdmi_final1.01/vitis_workspace/logs/vitis.log"}
2026-03-13 22:37:31 [debug] : [ProjectDecorator] tree decoration updated 
2026-03-13 22:37:31 [debug] : [ProjectCache] Project location updated to /home/hyeonjun/AMD/Vivado/source/camera2hdmi_final1.01/camera2hdmi_final1.01/vitis_workspace/camera_app 
2026-03-13 22:37:31 [debug] : RIGEL SERVER 22:37:31 INFO  : Found no platform with name 'my_platform' in install repositories 
2026-03-13 22:37:31 [debug] : Request getPlatform failed with error: 3 INVALID_ARGUMENT: Could not find platform at /home/hyw75/camera2hdmi_final/vitis_workspace/my_platform/export/my_platform/my_platform.xpfm {"0":"Error: 3 INVALID_ARGUMENT: Could not find platform at /home/hyw75/camera2hdmi_final/vitis_workspace/my_platform/export/my_platform/my_platform.xpfm\n    at Object.callErrorFromStatus (/home/hyeonjun/AMD/Vitis/2023.2/ide/electron-app/lnx64/resources/app/node_modules/@grpc/grpc-js/build/src/call.js:31:26)\n    at Object.onReceiveStatus (/home/hyeonjun/AMD/Vitis/2023.2/ide/electron-app/lnx64/resources/app/node_modules/@grpc/grpc-js/build/src/client.js:180:52)\n    at Object.onReceiveStatus (/home/hyeonjun/AMD/Vitis/2023.2/ide/electron-app/lnx64/resources/app/node_modules/@grpc/grpc-js/build/src/client-interceptors.js:336:141)\n    at Object.onReceiveStatus (/home/hyeonjun/AMD/Vitis/2023.2/ide/electron-app/lnx64/resources/app/node_modules/@grpc/grpc-js/build/src/client-interceptors.js:299:181)\n    at /home/hyeonjun/AMD/Vitis/2023.2/ide/electron-app/lnx64/resources/app/node_modules/@grpc/grpc-js/build/src/call-stream.js:160:78\n    at processTicksAndRejections (node:internal/process/task_queues:78:11)"}
2026-03-13 22:37:31 [debug] : MonacoEditorModel.cancelSync {"0":"file:///home/hyeonjun/AMD/Vivado/source/camera2hdmi_final1.01/camera2hdmi_final1.01/vitis_workspace/logs/vitis.log"}
2026-03-13 22:37:31 [debug] : MonacoEditorModel.doSync - enter {"0":"file:///home/hyeonjun/AMD/Vivado/source/camera2hdmi_final1.01/camera2hdmi_final1.01/vitis_workspace/logs/vitis.log"}
2026-03-13 22:37:31 [debug] : MonacoEditorModel.fireDidChangeContent - enter - {
  "changes": [
    {
      "range": {
        "startLineNumber": 190,
        "startColumn": 1,
        "endLineNumber": 190,
        "endColumn": 1
      },
      "rangeLength": 0,
      "text": "22:37:31 INFO  : Found no platform with name 'my_platform' in install repositories\n",
      "rangeOffset": 22618,
      "forceMoveMarkers": true
    }
  ],
  "eol": "\n",
  "versionId": 18,
  "isUndoing": false,
  "isRedoing": false,
  "isFlush": false
} {"0":"file:///home/hyeonjun/AMD/Vivado/source/camera2hdmi_final1.01/camera2hdmi_final1.01/vitis_workspace/logs/vitis.log"}
2026-03-13 22:37:31 [debug] : MonacoEditorModel.markAsDirty - enter {"0":"file:///home/hyeonjun/AMD/Vivado/source/camera2hdmi_final1.01/camera2hdmi_final1.01/vitis_workspace/logs/vitis.log"}
2026-03-13 22:37:31 [debug] : MonacoEditorModel.markAsDirty - exit - ignoring dirty changes enabled {"0":"file:///home/hyeonjun/AMD/Vivado/source/camera2hdmi_final1.01/camera2hdmi_final1.01/vitis_workspace/logs/vitis.log"}
2026-03-13 22:37:31 [debug] : MonacoEditorModel.fireDidChangeContent - exit {"0":"file:///home/hyeonjun/AMD/Vivado/source/camera2hdmi_final1.01/camera2hdmi_final1.01/vitis_workspace/logs/vitis.log"}
2026-03-13 22:37:31 [debug] : MonacoEditorModel.doSync - exit {"0":"file:///home/hyeonjun/AMD/Vivado/source/camera2hdmi_final1.01/camera2hdmi_final1.01/vitis_workspace/logs/vitis.log"}
2026-03-13 22:37:32 [debug] : [ProjectDecorator] tree decoration updated 
2026-03-13 22:37:32 [debug] : [ProjectCache] Project location updated to /home/hyeonjun/AMD/Vivado/source/camera2hdmi_final1.01/camera2hdmi_final1.01/vitis_workspace/camera_app 
2026-03-13 22:37:32 [debug] : RIGEL SERVER 22:37:32 INFO  : Found no platform with name 'my_platform' in install repositories 
2026-03-13 22:37:32 [debug] : Request getPlatform failed with error: 3 INVALID_ARGUMENT: Could not find platform at /home/hyw75/camera2hdmi_final/vitis_workspace/my_platform/export/my_platform/my_platform.xpfm {"0":"Error: 3 INVALID_ARGUMENT: Could not find platform at /home/hyw75/camera2hdmi_final/vitis_workspace/my_platform/export/my_platform/my_platform.xpfm\n    at Object.callErrorFromStatus (/home/hyeonjun/AMD/Vitis/2023.2/ide/electron-app/lnx64/resources/app/node_modules/@grpc/grpc-js/build/src/call.js:31:26)\n    at Object.onReceiveStatus (/home/hyeonjun/AMD/Vitis/2023.2/ide/electron-app/lnx64/resources/app/node_modules/@grpc/grpc-js/build/src/client.js:180:52)\n    at Object.onReceiveStatus (/home/hyeonjun/AMD/Vitis/2023.2/ide/electron-app/lnx64/resources/app/node_modules/@grpc/grpc-js/build/src/client-interceptors.js:336:141)\n    at Object.onReceiveStatus (/home/hyeonjun/AMD/Vitis/2023.2/ide/electron-app/lnx64/resources/app/node_modules/@grpc/grpc-js/build/src/client-interceptors.js:299:181)\n    at /home/hyeonjun/AMD/Vitis/2023.2/ide/electron-app/lnx64/resources/app/node_modules/@grpc/grpc-js/build/src/call-stream.js:160:78\n    at processTicksAndRejections (node:internal/process/task_queues:78:11)"}
2026-03-13 22:37:32 [debug] : MonacoEditorModel.cancelSync {"0":"file:///home/hyeonjun/AMD/Vivado/source/camera2hdmi_final1.01/camera2hdmi_final1.01/vitis_workspace/logs/vitis.log"}
2026-03-13 22:37:32 [debug] : MonacoEditorModel.doSync - enter {"0":"file:///home/hyeonjun/AMD/Vivado/source/camera2hdmi_final1.01/camera2hdmi_final1.01/vitis_workspace/logs/vitis.log"}
2026-03-13 22:37:32 [debug] : MonacoEditorModel.fireDidChangeContent - enter - {
  "changes": [
    {
      "range": {
        "startLineNumber": 191,
        "startColumn": 1,
        "endLineNumber": 191,
        "endColumn": 1
      },
      "rangeLength": 0,
      "text": "22:37:32 INFO  : Found no platform with name 'my_platform' in install repositories\n",
      "rangeOffset": 22701,
      "forceMoveMarkers": true
    }
  ],
  "eol": "\n",
  "versionId": 19,
  "isUndoing": false,
  "isRedoing": false,
  "isFlush": false
} {"0":"file:///home/hyeonjun/AMD/Vivado/source/camera2hdmi_final1.01/camera2hdmi_final1.01/vitis_workspace/logs/vitis.log"}
2026-03-13 22:37:32 [debug] : MonacoEditorModel.markAsDirty - enter {"0":"file:///home/hyeonjun/AMD/Vivado/source/camera2hdmi_final1.01/camera2hdmi_final1.01/vitis_workspace/logs/vitis.log"}
2026-03-13 22:37:32 [debug] : MonacoEditorModel.markAsDirty - exit - ignoring dirty changes enabled {"0":"file:///home/hyeonjun/AMD/Vivado/source/camera2hdmi_final1.01/camera2hdmi_final1.01/vitis_workspace/logs/vitis.log"}
2026-03-13 22:37:32 [debug] : MonacoEditorModel.fireDidChangeContent - exit {"0":"file:///home/hyeonjun/AMD/Vivado/source/camera2hdmi_final1.01/camera2hdmi_final1.01/vitis_workspace/logs/vitis.log"}
2026-03-13 22:37:32 [debug] : MonacoEditorModel.doSync - exit {"0":"file:///home/hyeonjun/AMD/Vivado/source/camera2hdmi_final1.01/camera2hdmi_final1.01/vitis_workspace/logs/vitis.log"}
2026-03-13 22:40:24 [debug] : Closing channel on service path '/services/commands'. 
2026-03-13 22:40:24 [debug] : Closing channel on service path '/services/keyboard'. 
2026-03-13 22:40:24 [debug] : Closing channel on service path '/services/logger'. 
2026-03-13 22:40:24 [debug] : Closing channel on service path '/services/messageService'. 
2026-03-13 22:40:24 [debug] : Closing channel on service path '/services/startup-workspace'. 
2026-03-13 22:40:24 [debug] : Closing channel on service path '/services/remote-filesystem'. 
2026-03-13 22:40:24 [debug] : Closing channel on service path '/services/envs'. 
2026-03-13 22:40:24 [debug] : Closing channel on service path '/services/workspace'. 
2026-03-13 22:40:24 [debug] : Closing channel on service path '/services/stopwatch'. 
2026-03-13 22:40:24 [debug] : Closing channel on service path '/services/application'. 
2026-03-13 22:40:24 [debug] : Closing channel on service path '/services/i18n'. 
2026-03-13 22:40:24 [debug] : Closing channel on service path '/services/hostedPlugin'. 
2026-03-13 22:40:24 [debug] : Closing channel on service path '/services/project'. 
2026-03-13 22:40:24 [debug] : Closing channel on service path '/services/rigel-workspace'. 
2026-03-13 22:40:24 [debug] : Closing channel on service path '/services/component'. 
2026-03-13 22:40:24 [debug] : Closing channel on service path '/services/debugger'. 
2026-03-13 22:40:24 [debug] : Closing channel on service path '/services/debug'. 
2026-03-13 22:40:24 [debug] : Closing channel on service path '/services/shell-terminal'. 
2026-03-13 22:40:24 [debug] : Closing channel on service path '/services/task'. 
2026-03-13 22:40:24 [debug] : a client has disconnected - removed from list: 
2026-03-13 22:40:24 [debug] : Closing channel on service path '/services/quickPick'. 
2026-03-13 22:40:24 [debug] : Closing channel on service path '/services/plugin-ext'. 
2026-03-13 22:40:24 [debug] : Closing channel on service path '/services/plugin-paths'. 
2026-03-13 22:40:24 [debug] : Closing channel on service path '/services/search'. 
2026-03-13 22:40:24 [debug] : Closing channel on service path '/services/server'. 
2026-03-13 22:40:24 [debug] : Closing channel on service path '/services/repository'. 
2026-03-13 22:40:24 [debug] : [Repository Server] Disposing objects in backend. 
2026-03-13 22:40:24 [debug] : Closing channel on service path '/services/rigel-utils'. 
2026-03-13 22:40:24 [debug] : [Rigel Utils Server] Disposing objects in backend. 
2026-03-13 22:40:24 [debug] : Closing channel on service path '/services/program_flash'. 
2026-03-13 22:40:24 [debug] : [Program Flash Server] Disposing objects in backend. 
2026-03-13 22:40:24 [debug] : Closing channel on service path '/services/build'. 
2026-03-13 22:40:24 [debug] : [Build Server] Disposing objects in backend. 
2026-03-13 22:40:24 [debug] : Closing channel on service path 'services/rigel-backend-helper'. 
2026-03-13 22:40:24 [debug] : Closing channel on service path '/services/analysis'. 
2026-03-13 22:40:24 [debug] : Closing channel on service path '/services/notification'. 
2026-03-13 22:40:24 [debug] : Closing channel on service path '/services/recent-summaries'. 
2026-03-13 22:40:24 [debug] : Closing channel on service path '/services/platform'. 
2026-03-13 22:40:24 [debug] : Closing channel on service path '/services/hls/l1library/service'. 
2026-03-13 22:40:24 [debug] : Closing channel on service path '/services/elf-reader'. 
2026-03-13 22:40:24 [debug] : [Elf Reader Server] Disposing objects in backend. 
2026-03-13 22:40:24 [debug] : Closing channel on service path '/services/aie'. 
2026-03-13 22:40:24 [debug] : [AIE Server] Disposing objects in backend. 
2026-03-13 22:40:24 [debug] : Closing channel on service path '/services/rigel_explorer'. 
2026-03-13 22:40:24 [debug] : Closing channel on service path '/services/linker-script'. 
2026-03-13 22:40:24 [debug] : Closing channel on service path '/services/rigel-logger'. 
2026-03-13 22:40:24 [debug] : [Logger Server] Disposing objects in backend. 
2026-03-13 22:40:24 [debug] : Closing channel on service path '/services/vitis-hls'. 
2026-03-13 22:40:24 [debug] : Closing channel on service path '/services/device'. 
2026-03-13 22:40:24 [debug] : Closing channel on service path '/services/vcxx'. 
2026-03-13 22:40:24 [debug] : [Rigel Vcxx Server] Disposing objects in backend. 
2026-03-13 22:40:24 [debug] : Closing channel on service path '/services/hls/common/data/info'. 
2026-03-13 22:40:24 [debug] : Closing channel on service path '/services/flow_navigator'. 
2026-03-13 22:40:24 [debug] : Closing channel on service path '/services/hls/common/file/service'. 
2026-03-13 22:40:24 [debug] : Closing channel on service path '/services/hls/dataflow/info'. 
2026-03-13 22:40:24 [debug] : Closing channel on service path '/services/hls_flow'. 
2026-03-13 22:40:24 [debug] : [Hls Flow Server] Disposing objects in backend. 
2026-03-13 22:40:24 [debug] : Closing channel on service path '/services/mini-browser-service'. 
2026-03-13 22:40:24 [debug] : Closing channel on service path '/services/bootgen'. 
2026-03-13 22:40:24 [debug] : Closing channel on service path '/services/hls/report'. 
2026-03-13 22:40:24 [debug] : Closing channel on service path '/services/hls/wave/open'. 
2026-03-13 22:40:24 [debug] : Closing channel on service path '/services/search-in-workspace'. 
2026-03-13 22:40:24 [debug] : Closing channel on service path '/services/request-service'. 
2026-03-13 22:40:24 [debug] : Closing channel on service path '/services/report-model'. 
2026-03-13 22:40:24 [debug] : Closing channel on service path '/services/keytar'. 
