The target system is: Generic -  - cortexa9
The host system is: Linux - 6.8.0-101-generic - x86_64
Compiling the C compiler identification source file "CMakeCCompilerId.c" succeeded.
Compiler: /home/hyeonjun/AMD/Vitis/2023.2/gnu/aarch32/lin/gcc-arm-none-eabi/bin/arm-none-eabi-gcc 
Build flags: ;-O2;-DSDT;-mcpu=cortex-a9;-mfpu=vfpv3;-mfloat-abi=hard;;-MMD;-MP;-specs=/home/hyeonjun/AMD/Vitis/2023.2/data/embeddedsw/scripts/specs/arm/Xilinx.spec;-I/home/hyeonjun/AMD/Vivado/source/camera2hdmi_final1.01/camera2hdmi_final1.01/vitis_workspace/my_platform/export/my_platform/sw/standalone_ps7_cortexa9_0/include
Id flags:  

The output was:
0
/home/hyeonjun/AMD/Vitis/2023.2/gnu/aarch32/lin/gcc-arm-none-eabi/x86_64-oesdk-linux/usr/bin/arm-xilinx-eabi/arm-xilinx-eabi-ld.real: warning: cannot find entry symbol _start; defaulting to 0000000000008030


Compilation of the C compiler identification source "CMakeCCompilerId.c" produced "a-CMakeCCompilerId.d"

Compilation of the C compiler identification source "CMakeCCompilerId.c" produced "a.out"

The C compiler identification is GNU, found in "/home/hyeonjun/AMD/Vivado/source/camera2hdmi_final1.01/camera2hdmi_final1.01/vitis_workspace/camera_app/build/CMakeFiles/3.22.1/CompilerIdC/a.out"

Compiling the CXX compiler identification source file "CMakeCXXCompilerId.cpp" succeeded.
Compiler: /home/hyeonjun/AMD/Vitis/2023.2/gnu/aarch32/lin/gcc-arm-none-eabi/bin/arm-none-eabi-g++ 
Build flags: ;-O2;-DSDT;-mcpu=cortex-a9;-mfpu=vfpv3;-mfloat-abi=hard;;-MMD;-MP;-specs=/home/hyeonjun/AMD/Vitis/2023.2/data/embeddedsw/scripts/specs/arm/Xilinx.spec;-I/home/hyeonjun/AMD/Vivado/source/camera2hdmi_final1.01/camera2hdmi_final1.01/vitis_workspace/my_platform/export/my_platform/sw/standalone_ps7_cortexa9_0/include
Id flags:  

The output was:
0
/home/hyeonjun/AMD/Vitis/2023.2/gnu/aarch32/lin/gcc-arm-none-eabi/x86_64-oesdk-linux/usr/bin/arm-xilinx-eabi/arm-xilinx-eabi-ld.real: warning: cannot find entry symbol _start; defaulting to 0000000000008030


Compilation of the CXX compiler identification source "CMakeCXXCompilerId.cpp" produced "a-CMakeCXXCompilerId.d"

Compilation of the CXX compiler identification source "CMakeCXXCompilerId.cpp" produced "a.out"

The CXX compiler identification is GNU, found in "/home/hyeonjun/AMD/Vivado/source/camera2hdmi_final1.01/camera2hdmi_final1.01/vitis_workspace/camera_app/build/CMakeFiles/3.22.1/CompilerIdCXX/a.out"

Detecting C compiler ABI info compiled with the following output:
Change Dir: /home/hyeonjun/AMD/Vivado/source/camera2hdmi_final1.01/camera2hdmi_final1.01/vitis_workspace/camera_app/build/CMakeFiles/CMakeTmp

Run Build Command(s):/usr/bin/gmake -f Makefile cmTC_a0d76/fast && /usr/bin/gmake  -f CMakeFiles/cmTC_a0d76.dir/build.make CMakeFiles/cmTC_a0d76.dir/build
gmake[1]: Entering directory '/home/hyeonjun/AMD/Vivado/source/camera2hdmi_final1.01/camera2hdmi_final1.01/vitis_workspace/camera_app/build/CMakeFiles/CMakeTmp'
Building C object CMakeFiles/cmTC_a0d76.dir/CMakeCCompilerABI.c.obj
/home/hyeonjun/AMD/Vitis/2023.2/gnu/aarch32/lin/gcc-arm-none-eabi/bin/arm-none-eabi-gcc   -O2 -DSDT -mcpu=cortex-a9 -mfpu=vfpv3 -mfloat-abi=hard  -MMD -MP -specs=/home/hyeonjun/AMD/Vitis/2023.2/data/embeddedsw/scripts/specs/arm/Xilinx.spec -I/home/hyeonjun/AMD/Vivado/source/camera2hdmi_final1.01/camera2hdmi_final1.01/vitis_workspace/my_platform/export/my_platform/sw/standalone_ps7_cortexa9_0/include    -v -o CMakeFiles/cmTC_a0d76.dir/CMakeCCompilerABI.c.obj -c /usr/share/cmake-3.22/Modules/CMakeCCompilerABI.c
Using built-in specs.
Reading specs from /home/hyeonjun/AMD/Vitis/2023.2/data/embeddedsw/scripts/specs/arm/Xilinx.spec
COLLECT_GCC=/home/hyeonjun/AMD/Vitis/2023.2/gnu/aarch32/lin/gcc-arm-none-eabi/bin/../x86_64-oesdk-linux/usr/bin/arm-xilinx-eabi/arm-xilinx-eabi-gcc.real
Target: arm-xilinx-eabi
Configured with: ../../../../../../work-shared/gcc-12.2.0-r0/gcc-12.2.0/configure --build=x86_64-linux --host=x86_64-oesdk-linux --target=arm-xilinx-eabi --prefix=/usr/local/oe-sdk-hardcoded-buildpath/sysroots/x86_64-oesdk-linux/usr --exec_prefix=/usr/local/oe-sdk-hardcoded-buildpath/sysroots/x86_64-oesdk-linux/usr --bindir=/usr/local/oe-sdk-hardcoded-buildpath/sysroots/x86_64-oesdk-linux/usr/bin/arm-xilinx-eabi --sbindir=/usr/local/oe-sdk-hardcoded-buildpath/sysroots/x86_64-oesdk-linux/usr/bin/arm-xilinx-eabi --libexecdir=/usr/local/oe-sdk-hardcoded-buildpath/sysroots/x86_64-oesdk-linux/usr/libexec/arm-xilinx-eabi --datadir=/usr/local/oe-sdk-hardcoded-buildpath/sysroots/x86_64-oesdk-linux/usr/share --sysconfdir=/usr/local/oe-sdk-hardcoded-buildpath/sysroots/x86_64-oesdk-linux/etc --sharedstatedir=/usr/local/oe-sdk-hardcoded-buildpath/sysroots/x86_64-oesdk-linux/com --localstatedir=/usr/local/oe-sdk-hardcoded-buildpath/sysroots/x86_64-oesdk-linux/var --libdir=/usr/local/oe-sdk-hardcoded-buildpath/sysroots/x86_64-oesdk-linux/usr/lib/arm-xilinx-eabi --includedir=/usr/local/oe-sdk-hardcoded-buildpath/sysroots/x86_64-oesdk-linux/usr/include --oldincludedir=/usr/local/oe-sdk-hardcoded-buildpath/sysroots/x86_64-oesdk-linux/usr/include --infodir=/usr/local/oe-sdk-hardcoded-buildpath/sysroots/x86_64-oesdk-linux/usr/share/info --mandir=/usr/local/oe-sdk-hardcoded-buildpath/sysroots/x86_64-oesdk-linux/usr/share/man --disable-silent-rules --disable-dependency-tracking --with-libtool-sysroot=/scratch/jenkins-BUILDS-eSDK-toolchain-2023.1_toolchain-7_Standalone_aarch32-tc/build/aarch32-tc-x86_64/work/x86_64-nativesdk-oesdk-linux/gcc-cross-canadian-arm/12.2.0-r0/recipe-sysroot --with-gnu-ld --enable-shared --enable-languages=c,c++,fortran --enable-threads=posix --enable-multilib --enable-c99 --enable-long-long --enable-libstdcxx-pch --program-prefix=arm-xilinx-eabi- --without-local-prefix --disable-install-libiberty --disable-libssp --enable-libitm --enable-lto --disable-bootstrap --with-system-zlib --enable-linker-build-id --with-ppl=no --with-cloog=no --enable-checking=release --enable-cheaders=c_global --without-isl --with-gxx-include-dir=/not/exist/usr/include/c++/12.2.0 --with-build-time-tools=/scratch/jenkins-BUILDS-eSDK-toolchain-2023.1_toolchain-7_Standalone_aarch32-tc/build/aarch32-tc-x86_64/work/x86_64-nativesdk-oesdk-linux/gcc-cross-canadian-arm/12.2.0-r0/recipe-sysroot-native/usr/arm-xilinx-eabi/bin --with-sysroot=/not/exist --with-build-sysroot=/scratch/jenkins-BUILDS-eSDK-toolchain-2023.1_toolchain-7_Standalone_aarch32-tc/build/aarch32-tc-x86_64/work/x86_64-nativesdk-oesdk-linux/gcc-cross-canadian-arm/12.2.0-r0/recipe-sysroot --enable-standard-branch-protection --with-plugin-ld=ld --enable-poison-system-directories --enable-nls --with-glibc-version=2.28 --enable-initfini-array --disable-libstdcxx-pch --with-newlib --disable-threads --enable-plugins --with-gnu-as --disable-libitm --with-multilib-list=aprofile --enable-multilib --with-sysroot=/not/exist
Thread model: single
Supported LTO compression algorithms: zlib zstd
gcc version 12.2.0 (GCC) 
COLLECT_GCC_OPTIONS='--sysroot=/home/hyeonjun/AMD/Vitis/2023.2/gnu/aarch32/lin/gcc-arm-none-eabi/bin/../aarch32-xilinx-eabi' '-O2' '-D' 'SDT' '-mcpu=cortex-a9' '-mfpu=vfpv3' '-mfloat-abi=hard' '-MMD' '-MP' '-specs=/home/hyeonjun/AMD/Vitis/2023.2/data/embeddedsw/scripts/specs/arm/Xilinx.spec' '-I' '/home/hyeonjun/AMD/Vivado/source/camera2hdmi_final1.01/camera2hdmi_final1.01/vitis_workspace/my_platform/export/my_platform/sw/standalone_ps7_cortexa9_0/include' '-v' '-o' 'CMakeFiles/cmTC_a0d76.dir/CMakeCCompilerABI.c.obj' '-c' '-marm' '-mlibarch=armv7-a+mp+sec+vfpv3' '-march=armv7-a+mp+sec+vfpv3' '-dumpdir' 'CMakeFiles/cmTC_a0d76.dir/'
 /home/hyeonjun/AMD/Vitis/2023.2/gnu/aarch32/lin/gcc-arm-none-eabi/x86_64-oesdk-linux/usr/bin/arm-xilinx-eabi/../../libexec/arm-xilinx-eabi/gcc/arm-xilinx-eabi/12.2.0/cc1 -quiet -v -I /home/hyeonjun/AMD/Vivado/source/camera2hdmi_final1.01/camera2hdmi_final1.01/vitis_workspace/my_platform/export/my_platform/sw/standalone_ps7_cortexa9_0/include -imultilib thumb/v7-a+fp/hard -iprefix /home/hyeonjun/AMD/Vitis/2023.2/gnu/aarch32/lin/gcc-arm-none-eabi/x86_64-oesdk-linux/usr/bin/arm-xilinx-eabi/../../lib/arm-xilinx-eabi/gcc/arm-xilinx-eabi/12.2.0/ -isysroot /home/hyeonjun/AMD/Vitis/2023.2/gnu/aarch32/lin/gcc-arm-none-eabi/bin/../aarch32-xilinx-eabi -MMD CMakeFiles/cmTC_a0d76.dir/CMakeCCompilerABI.c.d -MP -MQ CMakeFiles/cmTC_a0d76.dir/CMakeCCompilerABI.c.obj -D__USES_INITFINI__ -D SDT /usr/share/cmake-3.22/Modules/CMakeCCompilerABI.c -quiet -dumpdir CMakeFiles/cmTC_a0d76.dir/ -dumpbase CMakeCCompilerABI.c.c -dumpbase-ext .c -mcpu=cortex-a9 -mfpu=vfpv3 -mfloat-abi=hard -marm -mlibarch=armv7-a+mp+sec+vfpv3 -march=armv7-a+mp+sec+vfpv3 -O2 -version -o /tmp/ccxS60Ws.s
GNU C17 (GCC) version 12.2.0 (arm-xilinx-eabi)
	compiled by GNU C version 12.2.0, GMP version 6.2.1, MPFR version 4.1.0, MPC version 1.2.1, isl version none
GGC heuristics: --param ggc-min-expand=100 --param ggc-min-heapsize=131072
ignoring nonexistent directory "/home/hyeonjun/AMD/Vitis/2023.2/gnu/aarch32/lin/gcc-arm-none-eabi/x86_64-oesdk-linux/usr/bin/arm-xilinx-eabi/../../lib/arm-xilinx-eabi/gcc/arm-xilinx-eabi/12.2.0/../../../../../arm-xilinx-eabi/include"
ignoring duplicate directory "/home/hyeonjun/AMD/Vitis/2023.2/gnu/aarch32/lin/gcc-arm-none-eabi/x86_64-oesdk-linux/usr/bin/arm-xilinx-eabi/../../lib/arm-xilinx-eabi/gcc/../../../lib/arm-xilinx-eabi/gcc/arm-xilinx-eabi/12.2.0/include"
ignoring nonexistent directory "/home/hyeonjun/AMD/Vitis/2023.2/gnu/aarch32/lin/gcc-arm-none-eabi/bin/../aarch32-xilinx-eabi/usr/lib/arm-xilinx-eabi/12.2.0/include"
ignoring nonexistent directory "/home/hyeonjun/AMD/Vitis/2023.2/gnu/aarch32/lin/gcc-arm-none-eabi/bin/../aarch32-xilinx-eabi/usr/local/include"
ignoring duplicate directory "/home/hyeonjun/AMD/Vitis/2023.2/gnu/aarch32/lin/gcc-arm-none-eabi/x86_64-oesdk-linux/usr/bin/arm-xilinx-eabi/../../lib/arm-xilinx-eabi/gcc/../../../lib/arm-xilinx-eabi/gcc/arm-xilinx-eabi/12.2.0/include-fixed"
ignoring nonexistent directory "/home/hyeonjun/AMD/Vitis/2023.2/gnu/aarch32/lin/gcc-arm-none-eabi/x86_64-oesdk-linux/usr/bin/arm-xilinx-eabi/../../lib/arm-xilinx-eabi/gcc/../../../lib/arm-xilinx-eabi/gcc/arm-xilinx-eabi/12.2.0/../../../../../arm-xilinx-eabi/include"
#include "..." search starts here:
#include <...> search starts here:
 /home/hyeonjun/AMD/Vivado/source/camera2hdmi_final1.01/camera2hdmi_final1.01/vitis_workspace/my_platform/export/my_platform/sw/standalone_ps7_cortexa9_0/include
 /home/hyeonjun/AMD/Vitis/2023.2/gnu/aarch32/lin/gcc-arm-none-eabi/x86_64-oesdk-linux/usr/bin/arm-xilinx-eabi/../../lib/arm-xilinx-eabi/gcc/arm-xilinx-eabi/12.2.0/include
 /home/hyeonjun/AMD/Vitis/2023.2/gnu/aarch32/lin/gcc-arm-none-eabi/x86_64-oesdk-linux/usr/bin/arm-xilinx-eabi/../../lib/arm-xilinx-eabi/gcc/arm-xilinx-eabi/12.2.0/include-fixed
 /home/hyeonjun/AMD/Vitis/2023.2/gnu/aarch32/lin/gcc-arm-none-eabi/bin/../aarch32-xilinx-eabi/usr/include/
End of search list.
GNU C17 (GCC) version 12.2.0 (arm-xilinx-eabi)
	compiled by GNU C version 12.2.0, GMP version 6.2.1, MPFR version 4.1.0, MPC version 1.2.1, isl version none
GGC heuristics: --param ggc-min-expand=100 --param ggc-min-heapsize=131072
Compiler executable checksum: 41258093ec0f5ca5c1558b3318e26219
COLLECT_GCC_OPTIONS='--sysroot=/home/hyeonjun/AMD/Vitis/2023.2/gnu/aarch32/lin/gcc-arm-none-eabi/bin/../aarch32-xilinx-eabi' '-O2' '-D' 'SDT' '-mcpu=cortex-a9' '-mfpu=vfpv3' '-mfloat-abi=hard' '-MMD' '-MP' '-specs=/home/hyeonjun/AMD/Vitis/2023.2/data/embeddedsw/scripts/specs/arm/Xilinx.spec' '-I' '/home/hyeonjun/AMD/Vivado/source/camera2hdmi_final1.01/camera2hdmi_final1.01/vitis_workspace/my_platform/export/my_platform/sw/standalone_ps7_cortexa9_0/include' '-v' '-o' 'CMakeFiles/cmTC_a0d76.dir/CMakeCCompilerABI.c.obj' '-c' '-marm' '-mlibarch=armv7-a+mp+sec+vfpv3' '-march=armv7-a+mp+sec+vfpv3' '-dumpdir' 'CMakeFiles/cmTC_a0d76.dir/'
 /home/hyeonjun/AMD/Vitis/2023.2/gnu/aarch32/lin/gcc-arm-none-eabi/x86_64-oesdk-linux/usr/bin/arm-xilinx-eabi/../../libexec/arm-xilinx-eabi/gcc/arm-xilinx-eabi/12.2.0/as -v -I /home/hyeonjun/AMD/Vivado/source/camera2hdmi_final1.01/camera2hdmi_final1.01/vitis_workspace/my_platform/export/my_platform/sw/standalone_ps7_cortexa9_0/include -march=armv7-a+mp+sec+vfpv3 -mfloat-abi=hard -mfpu=vfpv3 -meabi=5 -o CMakeFiles/cmTC_a0d76.dir/CMakeCCompilerABI.c.obj /tmp/ccxS60Ws.s
GNU assembler version 2.39.0 (arm-xilinx-eabi) using BFD version (GNU Binutils) 2.39.0.20220819
COMPILER_PATH=/home/hyeonjun/AMD/Vitis/2023.2/gnu/aarch32/lin/gcc-arm-none-eabi/x86_64-oesdk-linux/usr/bin/arm-xilinx-eabi/../../libexec/arm-xilinx-eabi/gcc/arm-xilinx-eabi/12.2.0/:/home/hyeonjun/AMD/Vitis/2023.2/gnu/aarch32/lin/gcc-arm-none-eabi/x86_64-oesdk-linux/usr/bin/arm-xilinx-eabi/../../libexec/arm-xilinx-eabi/gcc/
LIBRARY_PATH=/home/hyeonjun/AMD/Vitis/2023.2/gnu/aarch32/lin/gcc-arm-none-eabi/bin/../aarch32-xilinx-eabi/usr/lib/thumb/v7-a+fp/hard/:/home/hyeonjun/AMD/Vitis/2023.2/gnu/aarch32/lin/gcc-arm-none-eabi/x86_64-oesdk-linux/usr/bin/arm-xilinx-eabi/../../lib/arm-xilinx-eabi/gcc/arm-xilinx-eabi/12.2.0/:/home/hyeonjun/AMD/Vitis/2023.2/gnu/aarch32/lin/gcc-arm-none-eabi/x86_64-oesdk-linux/usr/bin/arm-xilinx-eabi/../../lib/arm-xilinx-eabi/gcc/:/home/hyeonjun/AMD/Vitis/2023.2/gnu/aarch32/lin/gcc-arm-none-eabi/bin/../aarch32-xilinx-eabi/usr/lib/arm-xilinx-eabi/12.2.0/:/home/hyeonjun/AMD/Vitis/2023.2/gnu/aarch32/lin/gcc-arm-none-eabi/bin/../aarch32-xilinx-eabi/usr/lib/
COLLECT_GCC_OPTIONS='--sysroot=/home/hyeonjun/AMD/Vitis/2023.2/gnu/aarch32/lin/gcc-arm-none-eabi/bin/../aarch32-xilinx-eabi' '-O2' '-D' 'SDT' '-mcpu=cortex-a9' '-mfpu=vfpv3' '-mfloat-abi=hard' '-MMD' '-MP' '-specs=/home/hyeonjun/AMD/Vitis/2023.2/data/embeddedsw/scripts/specs/arm/Xilinx.spec' '-I' '/home/hyeonjun/AMD/Vivado/source/camera2hdmi_final1.01/camera2hdmi_final1.01/vitis_workspace/my_platform/export/my_platform/sw/standalone_ps7_cortexa9_0/include' '-v' '-o' 'CMakeFiles/cmTC_a0d76.dir/CMakeCCompilerABI.c.obj' '-c' '-marm' '-mlibarch=armv7-a+mp+sec+vfpv3' '-march=armv7-a+mp+sec+vfpv3' '-dumpdir' 'CMakeFiles/cmTC_a0d76.dir/CMakeCCompilerABI.c.'
Linking C executable cmTC_a0d76
/usr/bin/cmake -E cmake_link_script CMakeFiles/cmTC_a0d76.dir/link.txt --verbose=1
/home/hyeonjun/AMD/Vitis/2023.2/gnu/aarch32/lin/gcc-arm-none-eabi/bin/arm-none-eabi-gcc  -O2 -DSDT -mcpu=cortex-a9 -mfpu=vfpv3 -mfloat-abi=hard  -MMD -MP -specs=/home/hyeonjun/AMD/Vitis/2023.2/data/embeddedsw/scripts/specs/arm/Xilinx.spec -I/home/hyeonjun/AMD/Vivado/source/camera2hdmi_final1.01/camera2hdmi_final1.01/vitis_workspace/my_platform/export/my_platform/sw/standalone_ps7_cortexa9_0/include   -v CMakeFiles/cmTC_a0d76.dir/CMakeCCompilerABI.c.obj -o cmTC_a0d76 
Using built-in specs.
Reading specs from /home/hyeonjun/AMD/Vitis/2023.2/data/embeddedsw/scripts/specs/arm/Xilinx.spec
COLLECT_GCC=/home/hyeonjun/AMD/Vitis/2023.2/gnu/aarch32/lin/gcc-arm-none-eabi/bin/../x86_64-oesdk-linux/usr/bin/arm-xilinx-eabi/arm-xilinx-eabi-gcc.real
COLLECT_LTO_WRAPPER=/home/hyeonjun/AMD/Vitis/2023.2/gnu/aarch32/lin/gcc-arm-none-eabi/x86_64-oesdk-linux/usr/bin/arm-xilinx-eabi/../../libexec/arm-xilinx-eabi/gcc/arm-xilinx-eabi/12.2.0/lto-wrapper
Target: arm-xilinx-eabi
Configured with: ../../../../../../work-shared/gcc-12.2.0-r0/gcc-12.2.0/configure --build=x86_64-linux --host=x86_64-oesdk-linux --target=arm-xilinx-eabi --prefix=/usr/local/oe-sdk-hardcoded-buildpath/sysroots/x86_64-oesdk-linux/usr --exec_prefix=/usr/local/oe-sdk-hardcoded-buildpath/sysroots/x86_64-oesdk-linux/usr --bindir=/usr/local/oe-sdk-hardcoded-buildpath/sysroots/x86_64-oesdk-linux/usr/bin/arm-xilinx-eabi --sbindir=/usr/local/oe-sdk-hardcoded-buildpath/sysroots/x86_64-oesdk-linux/usr/bin/arm-xilinx-eabi --libexecdir=/usr/local/oe-sdk-hardcoded-buildpath/sysroots/x86_64-oesdk-linux/usr/libexec/arm-xilinx-eabi --datadir=/usr/local/oe-sdk-hardcoded-buildpath/sysroots/x86_64-oesdk-linux/usr/share --sysconfdir=/usr/local/oe-sdk-hardcoded-buildpath/sysroots/x86_64-oesdk-linux/etc --sharedstatedir=/usr/local/oe-sdk-hardcoded-buildpath/sysroots/x86_64-oesdk-linux/com --localstatedir=/usr/local/oe-sdk-hardcoded-buildpath/sysroots/x86_64-oesdk-linux/var --libdir=/usr/local/oe-sdk-hardcoded-buildpath/sysroots/x86_64-oesdk-linux/usr/lib/arm-xilinx-eabi --includedir=/usr/local/oe-sdk-hardcoded-buildpath/sysroots/x86_64-oesdk-linux/usr/include --oldincludedir=/usr/local/oe-sdk-hardcoded-buildpath/sysroots/x86_64-oesdk-linux/usr/include --infodir=/usr/local/oe-sdk-hardcoded-buildpath/sysroots/x86_64-oesdk-linux/usr/share/info --mandir=/usr/local/oe-sdk-hardcoded-buildpath/sysroots/x86_64-oesdk-linux/usr/share/man --disable-silent-rules --disable-dependency-tracking --with-libtool-sysroot=/scratch/jenkins-BUILDS-eSDK-toolchain-2023.1_toolchain-7_Standalone_aarch32-tc/build/aarch32-tc-x86_64/work/x86_64-nativesdk-oesdk-linux/gcc-cross-canadian-arm/12.2.0-r0/recipe-sysroot --with-gnu-ld --enable-shared --enable-languages=c,c++,fortran --enable-threads=posix --enable-multilib --enable-c99 --enable-long-long --enable-libstdcxx-pch --program-prefix=arm-xilinx-eabi- --without-local-prefix --disable-install-libiberty --disable-libssp --enable-libitm --enable-lto --disable-bootstrap --with-system-zlib --enable-linker-build-id --with-ppl=no --with-cloog=no --enable-checking=release --enable-cheaders=c_global --without-isl --with-gxx-include-dir=/not/exist/usr/include/c++/12.2.0 --with-build-time-tools=/scratch/jenkins-BUILDS-eSDK-toolchain-2023.1_toolchain-7_Standalone_aarch32-tc/build/aarch32-tc-x86_64/work/x86_64-nativesdk-oesdk-linux/gcc-cross-canadian-arm/12.2.0-r0/recipe-sysroot-native/usr/arm-xilinx-eabi/bin --with-sysroot=/not/exist --with-build-sysroot=/scratch/jenkins-BUILDS-eSDK-toolchain-2023.1_toolchain-7_Standalone_aarch32-tc/build/aarch32-tc-x86_64/work/x86_64-nativesdk-oesdk-linux/gcc-cross-canadian-arm/12.2.0-r0/recipe-sysroot --enable-standard-branch-protection --with-plugin-ld=ld --enable-poison-system-directories --enable-nls --with-glibc-version=2.28 --enable-initfini-array --disable-libstdcxx-pch --with-newlib --disable-threads --enable-plugins --with-gnu-as --disable-libitm --with-multilib-list=aprofile --enable-multilib --with-sysroot=/not/exist
Thread model: single
Supported LTO compression algorithms: zlib zstd
gcc version 12.2.0 (GCC) 
COMPILER_PATH=/home/hyeonjun/AMD/Vitis/2023.2/gnu/aarch32/lin/gcc-arm-none-eabi/x86_64-oesdk-linux/usr/bin/arm-xilinx-eabi/../../libexec/arm-xilinx-eabi/gcc/arm-xilinx-eabi/12.2.0/:/home/hyeonjun/AMD/Vitis/2023.2/gnu/aarch32/lin/gcc-arm-none-eabi/x86_64-oesdk-linux/usr/bin/arm-xilinx-eabi/../../libexec/arm-xilinx-eabi/gcc/
LIBRARY_PATH=/home/hyeonjun/AMD/Vitis/2023.2/gnu/aarch32/lin/gcc-arm-none-eabi/bin/../aarch32-xilinx-eabi/usr/lib/thumb/v7-a+fp/hard/:/home/hyeonjun/AMD/Vitis/2023.2/gnu/aarch32/lin/gcc-arm-none-eabi/x86_64-oesdk-linux/usr/bin/arm-xilinx-eabi/../../lib/arm-xilinx-eabi/gcc/arm-xilinx-eabi/12.2.0/:/home/hyeonjun/AMD/Vitis/2023.2/gnu/aarch32/lin/gcc-arm-none-eabi/x86_64-oesdk-linux/usr/bin/arm-xilinx-eabi/../../lib/arm-xilinx-eabi/gcc/:/home/hyeonjun/AMD/Vitis/2023.2/gnu/aarch32/lin/gcc-arm-none-eabi/bin/../aarch32-xilinx-eabi/usr/lib/arm-xilinx-eabi/12.2.0/:/home/hyeonjun/AMD/Vitis/2023.2/gnu/aarch32/lin/gcc-arm-none-eabi/bin/../aarch32-xilinx-eabi/usr/lib/
COLLECT_GCC_OPTIONS='--sysroot=/home/hyeonjun/AMD/Vitis/2023.2/gnu/aarch32/lin/gcc-arm-none-eabi/bin/../aarch32-xilinx-eabi' '-O2' '-D' 'SDT' '-mcpu=cortex-a9' '-mfpu=vfpv3' '-mfloat-abi=hard' '-MMD' '-MP' '-specs=/home/hyeonjun/AMD/Vitis/2023.2/data/embeddedsw/scripts/specs/arm/Xilinx.spec' '-I' '/home/hyeonjun/AMD/Vivado/source/camera2hdmi_final1.01/camera2hdmi_final1.01/vitis_workspace/my_platform/export/my_platform/sw/standalone_ps7_cortexa9_0/include' '-v' '-o' 'cmTC_a0d76' '-marm' '-mlibarch=armv7-a+mp+sec+vfpv3' '-march=armv7-a+mp+sec+vfpv3' '-dumpdir' 'cmTC_a0d76.'
 /home/hyeonjun/AMD/Vitis/2023.2/gnu/aarch32/lin/gcc-arm-none-eabi/x86_64-oesdk-linux/usr/bin/arm-xilinx-eabi/../../libexec/arm-xilinx-eabi/gcc/arm-xilinx-eabi/12.2.0/collect2 -plugin /home/hyeonjun/AMD/Vitis/2023.2/gnu/aarch32/lin/gcc-arm-none-eabi/x86_64-oesdk-linux/usr/bin/arm-xilinx-eabi/../../libexec/arm-xilinx-eabi/gcc/arm-xilinx-eabi/12.2.0/liblto_plugin.so -plugin-opt=/home/hyeonjun/AMD/Vitis/2023.2/gnu/aarch32/lin/gcc-arm-none-eabi/x86_64-oesdk-linux/usr/bin/arm-xilinx-eabi/../../libexec/arm-xilinx-eabi/gcc/arm-xilinx-eabi/12.2.0/lto-wrapper -plugin-opt=-fresolution=/tmp/ccy6Pfwf.res -plugin-opt=-pass-through=-lgcc -plugin-opt=-pass-through=-lc --sysroot=/home/hyeonjun/AMD/Vitis/2023.2/gnu/aarch32/lin/gcc-arm-none-eabi/bin/../aarch32-xilinx-eabi --build-id -X -o cmTC_a0d76 /home/hyeonjun/AMD/Vitis/2023.2/gnu/aarch32/lin/gcc-arm-none-eabi/bin/../aarch32-xilinx-eabi/usr/lib/thumb/v7-a+fp/hard/crti.o /home/hyeonjun/AMD/Vitis/2023.2/gnu/aarch32/lin/gcc-arm-none-eabi/bin/../aarch32-xilinx-eabi/usr/lib/thumb/v7-a+fp/hard/crtbegin.o -L/home/hyeonjun/AMD/Vitis/2023.2/gnu/aarch32/lin/gcc-arm-none-eabi/bin/../aarch32-xilinx-eabi/usr/lib/thumb/v7-a+fp/hard -L/home/hyeonjun/AMD/Vitis/2023.2/gnu/aarch32/lin/gcc-arm-none-eabi/x86_64-oesdk-linux/usr/bin/arm-xilinx-eabi/../../lib/arm-xilinx-eabi/gcc/arm-xilinx-eabi/12.2.0 -L/home/hyeonjun/AMD/Vitis/2023.2/gnu/aarch32/lin/gcc-arm-none-eabi/x86_64-oesdk-linux/usr/bin/arm-xilinx-eabi/../../lib/arm-xilinx-eabi/gcc -L/home/hyeonjun/AMD/Vitis/2023.2/gnu/aarch32/lin/gcc-arm-none-eabi/bin/../aarch32-xilinx-eabi/usr/lib/arm-xilinx-eabi/12.2.0 -L/home/hyeonjun/AMD/Vitis/2023.2/gnu/aarch32/lin/gcc-arm-none-eabi/bin/../aarch32-xilinx-eabi/usr/lib --no-warn-rwx-segment CMakeFiles/cmTC_a0d76.dir/CMakeCCompilerABI.c.obj --start-group -lgcc -lc --end-group /home/hyeonjun/AMD/Vitis/2023.2/gnu/aarch32/lin/gcc-arm-none-eabi/bin/../aarch32-xilinx-eabi/usr/lib/thumb/v7-a+fp/hard/crtend.o /home/hyeonjun/AMD/Vitis/2023.2/gnu/aarch32/lin/gcc-arm-none-eabi/bin/../aarch32-xilinx-eabi/usr/lib/thumb/v7-a+fp/hard/crtn.o
/home/hyeonjun/AMD/Vitis/2023.2/gnu/aarch32/lin/gcc-arm-none-eabi/x86_64-oesdk-linux/usr/bin/arm-xilinx-eabi/arm-xilinx-eabi-ld.real: warning: cannot find entry symbol _start; defaulting to 0000000000008030
COLLECT_GCC_OPTIONS='--sysroot=/home/hyeonjun/AMD/Vitis/2023.2/gnu/aarch32/lin/gcc-arm-none-eabi/bin/../aarch32-xilinx-eabi' '-O2' '-D' 'SDT' '-mcpu=cortex-a9' '-mfpu=vfpv3' '-mfloat-abi=hard' '-MMD' '-MP' '-specs=/home/hyeonjun/AMD/Vitis/2023.2/data/embeddedsw/scripts/specs/arm/Xilinx.spec' '-I' '/home/hyeonjun/AMD/Vivado/source/camera2hdmi_final1.01/camera2hdmi_final1.01/vitis_workspace/my_platform/export/my_platform/sw/standalone_ps7_cortexa9_0/include' '-v' '-o' 'cmTC_a0d76' '-marm' '-mlibarch=armv7-a+mp+sec+vfpv3' '-march=armv7-a+mp+sec+vfpv3' '-dumpdir' 'cmTC_a0d76.'
gmake[1]: Leaving directory '/home/hyeonjun/AMD/Vivado/source/camera2hdmi_final1.01/camera2hdmi_final1.01/vitis_workspace/camera_app/build/CMakeFiles/CMakeTmp'



Parsed C implicit include dir info from above output: rv=done
  found start of include info
  found start of implicit include info
    add: [/home/hyeonjun/AMD/Vivado/source/camera2hdmi_final1.01/camera2hdmi_final1.01/vitis_workspace/my_platform/export/my_platform/sw/standalone_ps7_cortexa9_0/include]
    add: [/home/hyeonjun/AMD/Vitis/2023.2/gnu/aarch32/lin/gcc-arm-none-eabi/x86_64-oesdk-linux/usr/bin/arm-xilinx-eabi/../../lib/arm-xilinx-eabi/gcc/arm-xilinx-eabi/12.2.0/include]
    add: [/home/hyeonjun/AMD/Vitis/2023.2/gnu/aarch32/lin/gcc-arm-none-eabi/x86_64-oesdk-linux/usr/bin/arm-xilinx-eabi/../../lib/arm-xilinx-eabi/gcc/arm-xilinx-eabi/12.2.0/include-fixed]
    add: [/home/hyeonjun/AMD/Vitis/2023.2/gnu/aarch32/lin/gcc-arm-none-eabi/bin/../aarch32-xilinx-eabi/usr/include/]
  end of search list found
  collapse include dir [/home/hyeonjun/AMD/Vivado/source/camera2hdmi_final1.01/camera2hdmi_final1.01/vitis_workspace/my_platform/export/my_platform/sw/standalone_ps7_cortexa9_0/include] ==> [/home/hyeonjun/AMD/Vivado/source/camera2hdmi_final1.01/camera2hdmi_final1.01/vitis_workspace/my_platform/export/my_platform/sw/standalone_ps7_cortexa9_0/include]
  collapse include dir [/home/hyeonjun/AMD/Vitis/2023.2/gnu/aarch32/lin/gcc-arm-none-eabi/x86_64-oesdk-linux/usr/bin/arm-xilinx-eabi/../../lib/arm-xilinx-eabi/gcc/arm-xilinx-eabi/12.2.0/include] ==> [/home/hyeonjun/AMD/Vitis/2023.2/gnu/aarch32/lin/gcc-arm-none-eabi/x86_64-oesdk-linux/usr/lib/arm-xilinx-eabi/gcc/arm-xilinx-eabi/12.2.0/include]
  collapse include dir [/home/hyeonjun/AMD/Vitis/2023.2/gnu/aarch32/lin/gcc-arm-none-eabi/x86_64-oesdk-linux/usr/bin/arm-xilinx-eabi/../../lib/arm-xilinx-eabi/gcc/arm-xilinx-eabi/12.2.0/include-fixed] ==> [/home/hyeonjun/AMD/Vitis/2023.2/gnu/aarch32/lin/gcc-arm-none-eabi/x86_64-oesdk-linux/usr/lib/arm-xilinx-eabi/gcc/arm-xilinx-eabi/12.2.0/include-fixed]
  collapse include dir [/home/hyeonjun/AMD/Vitis/2023.2/gnu/aarch32/lin/gcc-arm-none-eabi/bin/../aarch32-xilinx-eabi/usr/include/] ==> [/home/hyeonjun/AMD/Vitis/2023.2/gnu/aarch32/lin/gcc-arm-none-eabi/aarch32-xilinx-eabi/usr/include]
  implicit include dirs: [/home/hyeonjun/AMD/Vivado/source/camera2hdmi_final1.01/camera2hdmi_final1.01/vitis_workspace/my_platform/export/my_platform/sw/standalone_ps7_cortexa9_0/include;/home/hyeonjun/AMD/Vitis/2023.2/gnu/aarch32/lin/gcc-arm-none-eabi/x86_64-oesdk-linux/usr/lib/arm-xilinx-eabi/gcc/arm-xilinx-eabi/12.2.0/include;/home/hyeonjun/AMD/Vitis/2023.2/gnu/aarch32/lin/gcc-arm-none-eabi/x86_64-oesdk-linux/usr/lib/arm-xilinx-eabi/gcc/arm-xilinx-eabi/12.2.0/include-fixed;/home/hyeonjun/AMD/Vitis/2023.2/gnu/aarch32/lin/gcc-arm-none-eabi/aarch32-xilinx-eabi/usr/include]


Parsed C implicit link information from above output:
  link line regex: [^( *|.*[/\])(arm-none-eabi-ld|CMAKE_LINK_STARTFILE-NOTFOUND|([^/\]+-)?ld|collect2)[^/\]*( |$)]
  ignore line: [Change Dir: /home/hyeonjun/AMD/Vivado/source/camera2hdmi_final1.01/camera2hdmi_final1.01/vitis_workspace/camera_app/build/CMakeFiles/CMakeTmp]
  ignore line: []
  ignore line: [Run Build Command(s):/usr/bin/gmake -f Makefile cmTC_a0d76/fast && /usr/bin/gmake  -f CMakeFiles/cmTC_a0d76.dir/build.make CMakeFiles/cmTC_a0d76.dir/build]
  ignore line: [gmake[1]: Entering directory '/home/hyeonjun/AMD/Vivado/source/camera2hdmi_final1.01/camera2hdmi_final1.01/vitis_workspace/camera_app/build/CMakeFiles/CMakeTmp']
  ignore line: [Building C object CMakeFiles/cmTC_a0d76.dir/CMakeCCompilerABI.c.obj]
  ignore line: [/home/hyeonjun/AMD/Vitis/2023.2/gnu/aarch32/lin/gcc-arm-none-eabi/bin/arm-none-eabi-gcc   -O2 -DSDT -mcpu=cortex-a9 -mfpu=vfpv3 -mfloat-abi=hard  -MMD -MP -specs=/home/hyeonjun/AMD/Vitis/2023.2/data/embeddedsw/scripts/specs/arm/Xilinx.spec -I/home/hyeonjun/AMD/Vivado/source/camera2hdmi_final1.01/camera2hdmi_final1.01/vitis_workspace/my_platform/export/my_platform/sw/standalone_ps7_cortexa9_0/include    -v -o CMakeFiles/cmTC_a0d76.dir/CMakeCCompilerABI.c.obj -c /usr/share/cmake-3.22/Modules/CMakeCCompilerABI.c]
  ignore line: [Using built-in specs.]
  ignore line: [Reading specs from /home/hyeonjun/AMD/Vitis/2023.2/data/embeddedsw/scripts/specs/arm/Xilinx.spec]
  ignore line: [COLLECT_GCC=/home/hyeonjun/AMD/Vitis/2023.2/gnu/aarch32/lin/gcc-arm-none-eabi/bin/../x86_64-oesdk-linux/usr/bin/arm-xilinx-eabi/arm-xilinx-eabi-gcc.real]
  ignore line: [Target: arm-xilinx-eabi]
  ignore line: [Configured with: ../../../../../../work-shared/gcc-12.2.0-r0/gcc-12.2.0/configure --build=x86_64-linux --host=x86_64-oesdk-linux --target=arm-xilinx-eabi --prefix=/usr/local/oe-sdk-hardcoded-buildpath/sysroots/x86_64-oesdk-linux/usr --exec_prefix=/usr/local/oe-sdk-hardcoded-buildpath/sysroots/x86_64-oesdk-linux/usr --bindir=/usr/local/oe-sdk-hardcoded-buildpath/sysroots/x86_64-oesdk-linux/usr/bin/arm-xilinx-eabi --sbindir=/usr/local/oe-sdk-hardcoded-buildpath/sysroots/x86_64-oesdk-linux/usr/bin/arm-xilinx-eabi --libexecdir=/usr/local/oe-sdk-hardcoded-buildpath/sysroots/x86_64-oesdk-linux/usr/libexec/arm-xilinx-eabi --datadir=/usr/local/oe-sdk-hardcoded-buildpath/sysroots/x86_64-oesdk-linux/usr/share --sysconfdir=/usr/local/oe-sdk-hardcoded-buildpath/sysroots/x86_64-oesdk-linux/etc --sharedstatedir=/usr/local/oe-sdk-hardcoded-buildpath/sysroots/x86_64-oesdk-linux/com --localstatedir=/usr/local/oe-sdk-hardcoded-buildpath/sysroots/x86_64-oesdk-linux/var --libdir=/usr/local/oe-sdk-hardcoded-buildpath/sysroots/x86_64-oesdk-linux/usr/lib/arm-xilinx-eabi --includedir=/usr/local/oe-sdk-hardcoded-buildpath/sysroots/x86_64-oesdk-linux/usr/include --oldincludedir=/usr/local/oe-sdk-hardcoded-buildpath/sysroots/x86_64-oesdk-linux/usr/include --infodir=/usr/local/oe-sdk-hardcoded-buildpath/sysroots/x86_64-oesdk-linux/usr/share/info --mandir=/usr/local/oe-sdk-hardcoded-buildpath/sysroots/x86_64-oesdk-linux/usr/share/man --disable-silent-rules --disable-dependency-tracking --with-libtool-sysroot=/scratch/jenkins-BUILDS-eSDK-toolchain-2023.1_toolchain-7_Standalone_aarch32-tc/build/aarch32-tc-x86_64/work/x86_64-nativesdk-oesdk-linux/gcc-cross-canadian-arm/12.2.0-r0/recipe-sysroot --with-gnu-ld --enable-shared --enable-languages=c,c++,fortran --enable-threads=posix --enable-multilib --enable-c99 --enable-long-long --enable-libstdcxx-pch --program-prefix=arm-xilinx-eabi- --without-local-prefix --disable-install-libiberty --disable-libssp --enable-libitm --enable-lto --disable-bootstrap --with-system-zlib --enable-linker-build-id --with-ppl=no --with-cloog=no --enable-checking=release --enable-cheaders=c_global --without-isl --with-gxx-include-dir=/not/exist/usr/include/c++/12.2.0 --with-build-time-tools=/scratch/jenkins-BUILDS-eSDK-toolchain-2023.1_toolchain-7_Standalone_aarch32-tc/build/aarch32-tc-x86_64/work/x86_64-nativesdk-oesdk-linux/gcc-cross-canadian-arm/12.2.0-r0/recipe-sysroot-native/usr/arm-xilinx-eabi/bin --with-sysroot=/not/exist --with-build-sysroot=/scratch/jenkins-BUILDS-eSDK-toolchain-2023.1_toolchain-7_Standalone_aarch32-tc/build/aarch32-tc-x86_64/work/x86_64-nativesdk-oesdk-linux/gcc-cross-canadian-arm/12.2.0-r0/recipe-sysroot --enable-standard-branch-protection --with-plugin-ld=ld --enable-poison-system-directories --enable-nls --with-glibc-version=2.28 --enable-initfini-array --disable-libstdcxx-pch --with-newlib --disable-threads --enable-plugins --with-gnu-as --disable-libitm --with-multilib-list=aprofile --enable-multilib --with-sysroot=/not/exist]
  ignore line: [Thread model: single]
  ignore line: [Supported LTO compression algorithms: zlib zstd]
  ignore line: [gcc version 12.2.0 (GCC) ]
  ignore line: [COLLECT_GCC_OPTIONS='--sysroot=/home/hyeonjun/AMD/Vitis/2023.2/gnu/aarch32/lin/gcc-arm-none-eabi/bin/../aarch32-xilinx-eabi' '-O2' '-D' 'SDT' '-mcpu=cortex-a9' '-mfpu=vfpv3' '-mfloat-abi=hard' '-MMD' '-MP' '-specs=/home/hyeonjun/AMD/Vitis/2023.2/data/embeddedsw/scripts/specs/arm/Xilinx.spec' '-I' '/home/hyeonjun/AMD/Vivado/source/camera2hdmi_final1.01/camera2hdmi_final1.01/vitis_workspace/my_platform/export/my_platform/sw/standalone_ps7_cortexa9_0/include' '-v' '-o' 'CMakeFiles/cmTC_a0d76.dir/CMakeCCompilerABI.c.obj' '-c' '-marm' '-mlibarch=armv7-a+mp+sec+vfpv3' '-march=armv7-a+mp+sec+vfpv3' '-dumpdir' 'CMakeFiles/cmTC_a0d76.dir/']
  ignore line: [ /home/hyeonjun/AMD/Vitis/2023.2/gnu/aarch32/lin/gcc-arm-none-eabi/x86_64-oesdk-linux/usr/bin/arm-xilinx-eabi/../../libexec/arm-xilinx-eabi/gcc/arm-xilinx-eabi/12.2.0/cc1 -quiet -v -I /home/hyeonjun/AMD/Vivado/source/camera2hdmi_final1.01/camera2hdmi_final1.01/vitis_workspace/my_platform/export/my_platform/sw/standalone_ps7_cortexa9_0/include -imultilib thumb/v7-a+fp/hard -iprefix /home/hyeonjun/AMD/Vitis/2023.2/gnu/aarch32/lin/gcc-arm-none-eabi/x86_64-oesdk-linux/usr/bin/arm-xilinx-eabi/../../lib/arm-xilinx-eabi/gcc/arm-xilinx-eabi/12.2.0/ -isysroot /home/hyeonjun/AMD/Vitis/2023.2/gnu/aarch32/lin/gcc-arm-none-eabi/bin/../aarch32-xilinx-eabi -MMD CMakeFiles/cmTC_a0d76.dir/CMakeCCompilerABI.c.d -MP -MQ CMakeFiles/cmTC_a0d76.dir/CMakeCCompilerABI.c.obj -D__USES_INITFINI__ -D SDT /usr/share/cmake-3.22/Modules/CMakeCCompilerABI.c -quiet -dumpdir CMakeFiles/cmTC_a0d76.dir/ -dumpbase CMakeCCompilerABI.c.c -dumpbase-ext .c -mcpu=cortex-a9 -mfpu=vfpv3 -mfloat-abi=hard -marm -mlibarch=armv7-a+mp+sec+vfpv3 -march=armv7-a+mp+sec+vfpv3 -O2 -version -o /tmp/ccxS60Ws.s]
  ignore line: [GNU C17 (GCC) version 12.2.0 (arm-xilinx-eabi)]
  ignore line: [	compiled by GNU C version 12.2.0  GMP version 6.2.1  MPFR version 4.1.0  MPC version 1.2.1  isl version none]
  ignore line: [GGC heuristics: --param ggc-min-expand=100 --param ggc-min-heapsize=131072]
  ignore line: [ignoring nonexistent directory "/home/hyeonjun/AMD/Vitis/2023.2/gnu/aarch32/lin/gcc-arm-none-eabi/x86_64-oesdk-linux/usr/bin/arm-xilinx-eabi/../../lib/arm-xilinx-eabi/gcc/arm-xilinx-eabi/12.2.0/../../../../../arm-xilinx-eabi/include"]
  ignore line: [ignoring duplicate directory "/home/hyeonjun/AMD/Vitis/2023.2/gnu/aarch32/lin/gcc-arm-none-eabi/x86_64-oesdk-linux/usr/bin/arm-xilinx-eabi/../../lib/arm-xilinx-eabi/gcc/../../../lib/arm-xilinx-eabi/gcc/arm-xilinx-eabi/12.2.0/include"]
  ignore line: [ignoring nonexistent directory "/home/hyeonjun/AMD/Vitis/2023.2/gnu/aarch32/lin/gcc-arm-none-eabi/bin/../aarch32-xilinx-eabi/usr/lib/arm-xilinx-eabi/12.2.0/include"]
  ignore line: [ignoring nonexistent directory "/home/hyeonjun/AMD/Vitis/2023.2/gnu/aarch32/lin/gcc-arm-none-eabi/bin/../aarch32-xilinx-eabi/usr/local/include"]
  ignore line: [ignoring duplicate directory "/home/hyeonjun/AMD/Vitis/2023.2/gnu/aarch32/lin/gcc-arm-none-eabi/x86_64-oesdk-linux/usr/bin/arm-xilinx-eabi/../../lib/arm-xilinx-eabi/gcc/../../../lib/arm-xilinx-eabi/gcc/arm-xilinx-eabi/12.2.0/include-fixed"]
  ignore line: [ignoring nonexistent directory "/home/hyeonjun/AMD/Vitis/2023.2/gnu/aarch32/lin/gcc-arm-none-eabi/x86_64-oesdk-linux/usr/bin/arm-xilinx-eabi/../../lib/arm-xilinx-eabi/gcc/../../../lib/arm-xilinx-eabi/gcc/arm-xilinx-eabi/12.2.0/../../../../../arm-xilinx-eabi/include"]
  ignore line: [#include "..." search starts here:]
  ignore line: [#include <...> search starts here:]
  ignore line: [ /home/hyeonjun/AMD/Vivado/source/camera2hdmi_final1.01/camera2hdmi_final1.01/vitis_workspace/my_platform/export/my_platform/sw/standalone_ps7_cortexa9_0/include]
  ignore line: [ /home/hyeonjun/AMD/Vitis/2023.2/gnu/aarch32/lin/gcc-arm-none-eabi/x86_64-oesdk-linux/usr/bin/arm-xilinx-eabi/../../lib/arm-xilinx-eabi/gcc/arm-xilinx-eabi/12.2.0/include]
  ignore line: [ /home/hyeonjun/AMD/Vitis/2023.2/gnu/aarch32/lin/gcc-arm-none-eabi/x86_64-oesdk-linux/usr/bin/arm-xilinx-eabi/../../lib/arm-xilinx-eabi/gcc/arm-xilinx-eabi/12.2.0/include-fixed]
  ignore line: [ /home/hyeonjun/AMD/Vitis/2023.2/gnu/aarch32/lin/gcc-arm-none-eabi/bin/../aarch32-xilinx-eabi/usr/include/]
  ignore line: [End of search list.]
  ignore line: [GNU C17 (GCC) version 12.2.0 (arm-xilinx-eabi)]
  ignore line: [	compiled by GNU C version 12.2.0  GMP version 6.2.1  MPFR version 4.1.0  MPC version 1.2.1  isl version none]
  ignore line: [GGC heuristics: --param ggc-min-expand=100 --param ggc-min-heapsize=131072]
  ignore line: [Compiler executable checksum: 41258093ec0f5ca5c1558b3318e26219]
  ignore line: [COLLECT_GCC_OPTIONS='--sysroot=/home/hyeonjun/AMD/Vitis/2023.2/gnu/aarch32/lin/gcc-arm-none-eabi/bin/../aarch32-xilinx-eabi' '-O2' '-D' 'SDT' '-mcpu=cortex-a9' '-mfpu=vfpv3' '-mfloat-abi=hard' '-MMD' '-MP' '-specs=/home/hyeonjun/AMD/Vitis/2023.2/data/embeddedsw/scripts/specs/arm/Xilinx.spec' '-I' '/home/hyeonjun/AMD/Vivado/source/camera2hdmi_final1.01/camera2hdmi_final1.01/vitis_workspace/my_platform/export/my_platform/sw/standalone_ps7_cortexa9_0/include' '-v' '-o' 'CMakeFiles/cmTC_a0d76.dir/CMakeCCompilerABI.c.obj' '-c' '-marm' '-mlibarch=armv7-a+mp+sec+vfpv3' '-march=armv7-a+mp+sec+vfpv3' '-dumpdir' 'CMakeFiles/cmTC_a0d76.dir/']
  ignore line: [ /home/hyeonjun/AMD/Vitis/2023.2/gnu/aarch32/lin/gcc-arm-none-eabi/x86_64-oesdk-linux/usr/bin/arm-xilinx-eabi/../../libexec/arm-xilinx-eabi/gcc/arm-xilinx-eabi/12.2.0/as -v -I /home/hyeonjun/AMD/Vivado/source/camera2hdmi_final1.01/camera2hdmi_final1.01/vitis_workspace/my_platform/export/my_platform/sw/standalone_ps7_cortexa9_0/include -march=armv7-a+mp+sec+vfpv3 -mfloat-abi=hard -mfpu=vfpv3 -meabi=5 -o CMakeFiles/cmTC_a0d76.dir/CMakeCCompilerABI.c.obj /tmp/ccxS60Ws.s]
  ignore line: [GNU assembler version 2.39.0 (arm-xilinx-eabi) using BFD version (GNU Binutils) 2.39.0.20220819]
  ignore line: [COMPILER_PATH=/home/hyeonjun/AMD/Vitis/2023.2/gnu/aarch32/lin/gcc-arm-none-eabi/x86_64-oesdk-linux/usr/bin/arm-xilinx-eabi/../../libexec/arm-xilinx-eabi/gcc/arm-xilinx-eabi/12.2.0/:/home/hyeonjun/AMD/Vitis/2023.2/gnu/aarch32/lin/gcc-arm-none-eabi/x86_64-oesdk-linux/usr/bin/arm-xilinx-eabi/../../libexec/arm-xilinx-eabi/gcc/]
  ignore line: [LIBRARY_PATH=/home/hyeonjun/AMD/Vitis/2023.2/gnu/aarch32/lin/gcc-arm-none-eabi/bin/../aarch32-xilinx-eabi/usr/lib/thumb/v7-a+fp/hard/:/home/hyeonjun/AMD/Vitis/2023.2/gnu/aarch32/lin/gcc-arm-none-eabi/x86_64-oesdk-linux/usr/bin/arm-xilinx-eabi/../../lib/arm-xilinx-eabi/gcc/arm-xilinx-eabi/12.2.0/:/home/hyeonjun/AMD/Vitis/2023.2/gnu/aarch32/lin/gcc-arm-none-eabi/x86_64-oesdk-linux/usr/bin/arm-xilinx-eabi/../../lib/arm-xilinx-eabi/gcc/:/home/hyeonjun/AMD/Vitis/2023.2/gnu/aarch32/lin/gcc-arm-none-eabi/bin/../aarch32-xilinx-eabi/usr/lib/arm-xilinx-eabi/12.2.0/:/home/hyeonjun/AMD/Vitis/2023.2/gnu/aarch32/lin/gcc-arm-none-eabi/bin/../aarch32-xilinx-eabi/usr/lib/]
  ignore line: [COLLECT_GCC_OPTIONS='--sysroot=/home/hyeonjun/AMD/Vitis/2023.2/gnu/aarch32/lin/gcc-arm-none-eabi/bin/../aarch32-xilinx-eabi' '-O2' '-D' 'SDT' '-mcpu=cortex-a9' '-mfpu=vfpv3' '-mfloat-abi=hard' '-MMD' '-MP' '-specs=/home/hyeonjun/AMD/Vitis/2023.2/data/embeddedsw/scripts/specs/arm/Xilinx.spec' '-I' '/home/hyeonjun/AMD/Vivado/source/camera2hdmi_final1.01/camera2hdmi_final1.01/vitis_workspace/my_platform/export/my_platform/sw/standalone_ps7_cortexa9_0/include' '-v' '-o' 'CMakeFiles/cmTC_a0d76.dir/CMakeCCompilerABI.c.obj' '-c' '-marm' '-mlibarch=armv7-a+mp+sec+vfpv3' '-march=armv7-a+mp+sec+vfpv3' '-dumpdir' 'CMakeFiles/cmTC_a0d76.dir/CMakeCCompilerABI.c.']
  ignore line: [Linking C executable cmTC_a0d76]
  ignore line: [/usr/bin/cmake -E cmake_link_script CMakeFiles/cmTC_a0d76.dir/link.txt --verbose=1]
  ignore line: [/home/hyeonjun/AMD/Vitis/2023.2/gnu/aarch32/lin/gcc-arm-none-eabi/bin/arm-none-eabi-gcc  -O2 -DSDT -mcpu=cortex-a9 -mfpu=vfpv3 -mfloat-abi=hard  -MMD -MP -specs=/home/hyeonjun/AMD/Vitis/2023.2/data/embeddedsw/scripts/specs/arm/Xilinx.spec -I/home/hyeonjun/AMD/Vivado/source/camera2hdmi_final1.01/camera2hdmi_final1.01/vitis_workspace/my_platform/export/my_platform/sw/standalone_ps7_cortexa9_0/include   -v CMakeFiles/cmTC_a0d76.dir/CMakeCCompilerABI.c.obj -o cmTC_a0d76 ]
  ignore line: [Using built-in specs.]
  ignore line: [Reading specs from /home/hyeonjun/AMD/Vitis/2023.2/data/embeddedsw/scripts/specs/arm/Xilinx.spec]
  ignore line: [COLLECT_GCC=/home/hyeonjun/AMD/Vitis/2023.2/gnu/aarch32/lin/gcc-arm-none-eabi/bin/../x86_64-oesdk-linux/usr/bin/arm-xilinx-eabi/arm-xilinx-eabi-gcc.real]
  ignore line: [COLLECT_LTO_WRAPPER=/home/hyeonjun/AMD/Vitis/2023.2/gnu/aarch32/lin/gcc-arm-none-eabi/x86_64-oesdk-linux/usr/bin/arm-xilinx-eabi/../../libexec/arm-xilinx-eabi/gcc/arm-xilinx-eabi/12.2.0/lto-wrapper]
  ignore line: [Target: arm-xilinx-eabi]
  ignore line: [Configured with: ../../../../../../work-shared/gcc-12.2.0-r0/gcc-12.2.0/configure --build=x86_64-linux --host=x86_64-oesdk-linux --target=arm-xilinx-eabi --prefix=/usr/local/oe-sdk-hardcoded-buildpath/sysroots/x86_64-oesdk-linux/usr --exec_prefix=/usr/local/oe-sdk-hardcoded-buildpath/sysroots/x86_64-oesdk-linux/usr --bindir=/usr/local/oe-sdk-hardcoded-buildpath/sysroots/x86_64-oesdk-linux/usr/bin/arm-xilinx-eabi --sbindir=/usr/local/oe-sdk-hardcoded-buildpath/sysroots/x86_64-oesdk-linux/usr/bin/arm-xilinx-eabi --libexecdir=/usr/local/oe-sdk-hardcoded-buildpath/sysroots/x86_64-oesdk-linux/usr/libexec/arm-xilinx-eabi --datadir=/usr/local/oe-sdk-hardcoded-buildpath/sysroots/x86_64-oesdk-linux/usr/share --sysconfdir=/usr/local/oe-sdk-hardcoded-buildpath/sysroots/x86_64-oesdk-linux/etc --sharedstatedir=/usr/local/oe-sdk-hardcoded-buildpath/sysroots/x86_64-oesdk-linux/com --localstatedir=/usr/local/oe-sdk-hardcoded-buildpath/sysroots/x86_64-oesdk-linux/var --libdir=/usr/local/oe-sdk-hardcoded-buildpath/sysroots/x86_64-oesdk-linux/usr/lib/arm-xilinx-eabi --includedir=/usr/local/oe-sdk-hardcoded-buildpath/sysroots/x86_64-oesdk-linux/usr/include --oldincludedir=/usr/local/oe-sdk-hardcoded-buildpath/sysroots/x86_64-oesdk-linux/usr/include --infodir=/usr/local/oe-sdk-hardcoded-buildpath/sysroots/x86_64-oesdk-linux/usr/share/info --mandir=/usr/local/oe-sdk-hardcoded-buildpath/sysroots/x86_64-oesdk-linux/usr/share/man --disable-silent-rules --disable-dependency-tracking --with-libtool-sysroot=/scratch/jenkins-BUILDS-eSDK-toolchain-2023.1_toolchain-7_Standalone_aarch32-tc/build/aarch32-tc-x86_64/work/x86_64-nativesdk-oesdk-linux/gcc-cross-canadian-arm/12.2.0-r0/recipe-sysroot --with-gnu-ld --enable-shared --enable-languages=c,c++,fortran --enable-threads=posix --enable-multilib --enable-c99 --enable-long-long --enable-libstdcxx-pch --program-prefix=arm-xilinx-eabi- --without-local-prefix --disable-install-libiberty --disable-libssp --enable-libitm --enable-lto --disable-bootstrap --with-system-zlib --enable-linker-build-id --with-ppl=no --with-cloog=no --enable-checking=release --enable-cheaders=c_global --without-isl --with-gxx-include-dir=/not/exist/usr/include/c++/12.2.0 --with-build-time-tools=/scratch/jenkins-BUILDS-eSDK-toolchain-2023.1_toolchain-7_Standalone_aarch32-tc/build/aarch32-tc-x86_64/work/x86_64-nativesdk-oesdk-linux/gcc-cross-canadian-arm/12.2.0-r0/recipe-sysroot-native/usr/arm-xilinx-eabi/bin --with-sysroot=/not/exist --with-build-sysroot=/scratch/jenkins-BUILDS-eSDK-toolchain-2023.1_toolchain-7_Standalone_aarch32-tc/build/aarch32-tc-x86_64/work/x86_64-nativesdk-oesdk-linux/gcc-cross-canadian-arm/12.2.0-r0/recipe-sysroot --enable-standard-branch-protection --with-plugin-ld=ld --enable-poison-system-directories --enable-nls --with-glibc-version=2.28 --enable-initfini-array --disable-libstdcxx-pch --with-newlib --disable-threads --enable-plugins --with-gnu-as --disable-libitm --with-multilib-list=aprofile --enable-multilib --with-sysroot=/not/exist]
  ignore line: [Thread model: single]
  ignore line: [Supported LTO compression algorithms: zlib zstd]
  ignore line: [gcc version 12.2.0 (GCC) ]
  ignore line: [COMPILER_PATH=/home/hyeonjun/AMD/Vitis/2023.2/gnu/aarch32/lin/gcc-arm-none-eabi/x86_64-oesdk-linux/usr/bin/arm-xilinx-eabi/../../libexec/arm-xilinx-eabi/gcc/arm-xilinx-eabi/12.2.0/:/home/hyeonjun/AMD/Vitis/2023.2/gnu/aarch32/lin/gcc-arm-none-eabi/x86_64-oesdk-linux/usr/bin/arm-xilinx-eabi/../../libexec/arm-xilinx-eabi/gcc/]
  ignore line: [LIBRARY_PATH=/home/hyeonjun/AMD/Vitis/2023.2/gnu/aarch32/lin/gcc-arm-none-eabi/bin/../aarch32-xilinx-eabi/usr/lib/thumb/v7-a+fp/hard/:/home/hyeonjun/AMD/Vitis/2023.2/gnu/aarch32/lin/gcc-arm-none-eabi/x86_64-oesdk-linux/usr/bin/arm-xilinx-eabi/../../lib/arm-xilinx-eabi/gcc/arm-xilinx-eabi/12.2.0/:/home/hyeonjun/AMD/Vitis/2023.2/gnu/aarch32/lin/gcc-arm-none-eabi/x86_64-oesdk-linux/usr/bin/arm-xilinx-eabi/../../lib/arm-xilinx-eabi/gcc/:/home/hyeonjun/AMD/Vitis/2023.2/gnu/aarch32/lin/gcc-arm-none-eabi/bin/../aarch32-xilinx-eabi/usr/lib/arm-xilinx-eabi/12.2.0/:/home/hyeonjun/AMD/Vitis/2023.2/gnu/aarch32/lin/gcc-arm-none-eabi/bin/../aarch32-xilinx-eabi/usr/lib/]
  ignore line: [COLLECT_GCC_OPTIONS='--sysroot=/home/hyeonjun/AMD/Vitis/2023.2/gnu/aarch32/lin/gcc-arm-none-eabi/bin/../aarch32-xilinx-eabi' '-O2' '-D' 'SDT' '-mcpu=cortex-a9' '-mfpu=vfpv3' '-mfloat-abi=hard' '-MMD' '-MP' '-specs=/home/hyeonjun/AMD/Vitis/2023.2/data/embeddedsw/scripts/specs/arm/Xilinx.spec' '-I' '/home/hyeonjun/AMD/Vivado/source/camera2hdmi_final1.01/camera2hdmi_final1.01/vitis_workspace/my_platform/export/my_platform/sw/standalone_ps7_cortexa9_0/include' '-v' '-o' 'cmTC_a0d76' '-marm' '-mlibarch=armv7-a+mp+sec+vfpv3' '-march=armv7-a+mp+sec+vfpv3' '-dumpdir' 'cmTC_a0d76.']
  link line: [ /home/hyeonjun/AMD/Vitis/2023.2/gnu/aarch32/lin/gcc-arm-none-eabi/x86_64-oesdk-linux/usr/bin/arm-xilinx-eabi/../../libexec/arm-xilinx-eabi/gcc/arm-xilinx-eabi/12.2.0/collect2 -plugin /home/hyeonjun/AMD/Vitis/2023.2/gnu/aarch32/lin/gcc-arm-none-eabi/x86_64-oesdk-linux/usr/bin/arm-xilinx-eabi/../../libexec/arm-xilinx-eabi/gcc/arm-xilinx-eabi/12.2.0/liblto_plugin.so -plugin-opt=/home/hyeonjun/AMD/Vitis/2023.2/gnu/aarch32/lin/gcc-arm-none-eabi/x86_64-oesdk-linux/usr/bin/arm-xilinx-eabi/../../libexec/arm-xilinx-eabi/gcc/arm-xilinx-eabi/12.2.0/lto-wrapper -plugin-opt=-fresolution=/tmp/ccy6Pfwf.res -plugin-opt=-pass-through=-lgcc -plugin-opt=-pass-through=-lc --sysroot=/home/hyeonjun/AMD/Vitis/2023.2/gnu/aarch32/lin/gcc-arm-none-eabi/bin/../aarch32-xilinx-eabi --build-id -X -o cmTC_a0d76 /home/hyeonjun/AMD/Vitis/2023.2/gnu/aarch32/lin/gcc-arm-none-eabi/bin/../aarch32-xilinx-eabi/usr/lib/thumb/v7-a+fp/hard/crti.o /home/hyeonjun/AMD/Vitis/2023.2/gnu/aarch32/lin/gcc-arm-none-eabi/bin/../aarch32-xilinx-eabi/usr/lib/thumb/v7-a+fp/hard/crtbegin.o -L/home/hyeonjun/AMD/Vitis/2023.2/gnu/aarch32/lin/gcc-arm-none-eabi/bin/../aarch32-xilinx-eabi/usr/lib/thumb/v7-a+fp/hard -L/home/hyeonjun/AMD/Vitis/2023.2/gnu/aarch32/lin/gcc-arm-none-eabi/x86_64-oesdk-linux/usr/bin/arm-xilinx-eabi/../../lib/arm-xilinx-eabi/gcc/arm-xilinx-eabi/12.2.0 -L/home/hyeonjun/AMD/Vitis/2023.2/gnu/aarch32/lin/gcc-arm-none-eabi/x86_64-oesdk-linux/usr/bin/arm-xilinx-eabi/../../lib/arm-xilinx-eabi/gcc -L/home/hyeonjun/AMD/Vitis/2023.2/gnu/aarch32/lin/gcc-arm-none-eabi/bin/../aarch32-xilinx-eabi/usr/lib/arm-xilinx-eabi/12.2.0 -L/home/hyeonjun/AMD/Vitis/2023.2/gnu/aarch32/lin/gcc-arm-none-eabi/bin/../aarch32-xilinx-eabi/usr/lib --no-warn-rwx-segment CMakeFiles/cmTC_a0d76.dir/CMakeCCompilerABI.c.obj --start-group -lgcc -lc --end-group /home/hyeonjun/AMD/Vitis/2023.2/gnu/aarch32/lin/gcc-arm-none-eabi/bin/../aarch32-xilinx-eabi/usr/lib/thumb/v7-a+fp/hard/crtend.o /home/hyeonjun/AMD/Vitis/2023.2/gnu/aarch32/lin/gcc-arm-none-eabi/bin/../aarch32-xilinx-eabi/usr/lib/thumb/v7-a+fp/hard/crtn.o]
    arg [/home/hyeonjun/AMD/Vitis/2023.2/gnu/aarch32/lin/gcc-arm-none-eabi/x86_64-oesdk-linux/usr/bin/arm-xilinx-eabi/../../libexec/arm-xilinx-eabi/gcc/arm-xilinx-eabi/12.2.0/collect2] ==> ignore
    arg [-plugin] ==> ignore
    arg [/home/hyeonjun/AMD/Vitis/2023.2/gnu/aarch32/lin/gcc-arm-none-eabi/x86_64-oesdk-linux/usr/bin/arm-xilinx-eabi/../../libexec/arm-xilinx-eabi/gcc/arm-xilinx-eabi/12.2.0/liblto_plugin.so] ==> ignore
    arg [-plugin-opt=/home/hyeonjun/AMD/Vitis/2023.2/gnu/aarch32/lin/gcc-arm-none-eabi/x86_64-oesdk-linux/usr/bin/arm-xilinx-eabi/../../libexec/arm-xilinx-eabi/gcc/arm-xilinx-eabi/12.2.0/lto-wrapper] ==> ignore
    arg [-plugin-opt=-fresolution=/tmp/ccy6Pfwf.res] ==> ignore
    arg [-plugin-opt=-pass-through=-lgcc] ==> ignore
    arg [-plugin-opt=-pass-through=-lc] ==> ignore
    arg [--sysroot=/home/hyeonjun/AMD/Vitis/2023.2/gnu/aarch32/lin/gcc-arm-none-eabi/bin/../aarch32-xilinx-eabi] ==> ignore
    arg [--build-id] ==> ignore
    arg [-X] ==> ignore
    arg [-o] ==> ignore
    arg [cmTC_a0d76] ==> ignore
    arg [/home/hyeonjun/AMD/Vitis/2023.2/gnu/aarch32/lin/gcc-arm-none-eabi/bin/../aarch32-xilinx-eabi/usr/lib/thumb/v7-a+fp/hard/crti.o] ==> obj [/home/hyeonjun/AMD/Vitis/2023.2/gnu/aarch32/lin/gcc-arm-none-eabi/bin/../aarch32-xilinx-eabi/usr/lib/thumb/v7-a+fp/hard/crti.o]
    arg [/home/hyeonjun/AMD/Vitis/2023.2/gnu/aarch32/lin/gcc-arm-none-eabi/bin/../aarch32-xilinx-eabi/usr/lib/thumb/v7-a+fp/hard/crtbegin.o] ==> obj [/home/hyeonjun/AMD/Vitis/2023.2/gnu/aarch32/lin/gcc-arm-none-eabi/bin/../aarch32-xilinx-eabi/usr/lib/thumb/v7-a+fp/hard/crtbegin.o]
    arg [-L/home/hyeonjun/AMD/Vitis/2023.2/gnu/aarch32/lin/gcc-arm-none-eabi/bin/../aarch32-xilinx-eabi/usr/lib/thumb/v7-a+fp/hard] ==> dir [/home/hyeonjun/AMD/Vitis/2023.2/gnu/aarch32/lin/gcc-arm-none-eabi/bin/../aarch32-xilinx-eabi/usr/lib/thumb/v7-a+fp/hard]
    arg [-L/home/hyeonjun/AMD/Vitis/2023.2/gnu/aarch32/lin/gcc-arm-none-eabi/x86_64-oesdk-linux/usr/bin/arm-xilinx-eabi/../../lib/arm-xilinx-eabi/gcc/arm-xilinx-eabi/12.2.0] ==> dir [/home/hyeonjun/AMD/Vitis/2023.2/gnu/aarch32/lin/gcc-arm-none-eabi/x86_64-oesdk-linux/usr/bin/arm-xilinx-eabi/../../lib/arm-xilinx-eabi/gcc/arm-xilinx-eabi/12.2.0]
    arg [-L/home/hyeonjun/AMD/Vitis/2023.2/gnu/aarch32/lin/gcc-arm-none-eabi/x86_64-oesdk-linux/usr/bin/arm-xilinx-eabi/../../lib/arm-xilinx-eabi/gcc] ==> dir [/home/hyeonjun/AMD/Vitis/2023.2/gnu/aarch32/lin/gcc-arm-none-eabi/x86_64-oesdk-linux/usr/bin/arm-xilinx-eabi/../../lib/arm-xilinx-eabi/gcc]
    arg [-L/home/hyeonjun/AMD/Vitis/2023.2/gnu/aarch32/lin/gcc-arm-none-eabi/bin/../aarch32-xilinx-eabi/usr/lib/arm-xilinx-eabi/12.2.0] ==> dir [/home/hyeonjun/AMD/Vitis/2023.2/gnu/aarch32/lin/gcc-arm-none-eabi/bin/../aarch32-xilinx-eabi/usr/lib/arm-xilinx-eabi/12.2.0]
    arg [-L/home/hyeonjun/AMD/Vitis/2023.2/gnu/aarch32/lin/gcc-arm-none-eabi/bin/../aarch32-xilinx-eabi/usr/lib] ==> dir [/home/hyeonjun/AMD/Vitis/2023.2/gnu/aarch32/lin/gcc-arm-none-eabi/bin/../aarch32-xilinx-eabi/usr/lib]
    arg [--no-warn-rwx-segment] ==> ignore
    arg [CMakeFiles/cmTC_a0d76.dir/CMakeCCompilerABI.c.obj] ==> ignore
    arg [--start-group] ==> ignore
    arg [-lgcc] ==> lib [gcc]
    arg [-lc] ==> lib [c]
    arg [--end-group] ==> ignore
    arg [/home/hyeonjun/AMD/Vitis/2023.2/gnu/aarch32/lin/gcc-arm-none-eabi/bin/../aarch32-xilinx-eabi/usr/lib/thumb/v7-a+fp/hard/crtend.o] ==> obj [/home/hyeonjun/AMD/Vitis/2023.2/gnu/aarch32/lin/gcc-arm-none-eabi/bin/../aarch32-xilinx-eabi/usr/lib/thumb/v7-a+fp/hard/crtend.o]
    arg [/home/hyeonjun/AMD/Vitis/2023.2/gnu/aarch32/lin/gcc-arm-none-eabi/bin/../aarch32-xilinx-eabi/usr/lib/thumb/v7-a+fp/hard/crtn.o] ==> obj [/home/hyeonjun/AMD/Vitis/2023.2/gnu/aarch32/lin/gcc-arm-none-eabi/bin/../aarch32-xilinx-eabi/usr/lib/thumb/v7-a+fp/hard/crtn.o]
  collapse obj [/home/hyeonjun/AMD/Vitis/2023.2/gnu/aarch32/lin/gcc-arm-none-eabi/bin/../aarch32-xilinx-eabi/usr/lib/thumb/v7-a+fp/hard/crti.o] ==> [/home/hyeonjun/AMD/Vitis/2023.2/gnu/aarch32/lin/gcc-arm-none-eabi/aarch32-xilinx-eabi/usr/lib/thumb/v7-a+fp/hard/crti.o]
  collapse obj [/home/hyeonjun/AMD/Vitis/2023.2/gnu/aarch32/lin/gcc-arm-none-eabi/bin/../aarch32-xilinx-eabi/usr/lib/thumb/v7-a+fp/hard/crtbegin.o] ==> [/home/hyeonjun/AMD/Vitis/2023.2/gnu/aarch32/lin/gcc-arm-none-eabi/aarch32-xilinx-eabi/usr/lib/thumb/v7-a+fp/hard/crtbegin.o]
  collapse obj [/home/hyeonjun/AMD/Vitis/2023.2/gnu/aarch32/lin/gcc-arm-none-eabi/bin/../aarch32-xilinx-eabi/usr/lib/thumb/v7-a+fp/hard/crtend.o] ==> [/home/hyeonjun/AMD/Vitis/2023.2/gnu/aarch32/lin/gcc-arm-none-eabi/aarch32-xilinx-eabi/usr/lib/thumb/v7-a+fp/hard/crtend.o]
  collapse obj [/home/hyeonjun/AMD/Vitis/2023.2/gnu/aarch32/lin/gcc-arm-none-eabi/bin/../aarch32-xilinx-eabi/usr/lib/thumb/v7-a+fp/hard/crtn.o] ==> [/home/hyeonjun/AMD/Vitis/2023.2/gnu/aarch32/lin/gcc-arm-none-eabi/aarch32-xilinx-eabi/usr/lib/thumb/v7-a+fp/hard/crtn.o]
  collapse library dir [/home/hyeonjun/AMD/Vitis/2023.2/gnu/aarch32/lin/gcc-arm-none-eabi/bin/../aarch32-xilinx-eabi/usr/lib/thumb/v7-a+fp/hard] ==> [/home/hyeonjun/AMD/Vitis/2023.2/gnu/aarch32/lin/gcc-arm-none-eabi/aarch32-xilinx-eabi/usr/lib/thumb/v7-a+fp/hard]
  collapse library dir [/home/hyeonjun/AMD/Vitis/2023.2/gnu/aarch32/lin/gcc-arm-none-eabi/x86_64-oesdk-linux/usr/bin/arm-xilinx-eabi/../../lib/arm-xilinx-eabi/gcc/arm-xilinx-eabi/12.2.0] ==> [/home/hyeonjun/AMD/Vitis/2023.2/gnu/aarch32/lin/gcc-arm-none-eabi/x86_64-oesdk-linux/usr/lib/arm-xilinx-eabi/gcc/arm-xilinx-eabi/12.2.0]
  collapse library dir [/home/hyeonjun/AMD/Vitis/2023.2/gnu/aarch32/lin/gcc-arm-none-eabi/x86_64-oesdk-linux/usr/bin/arm-xilinx-eabi/../../lib/arm-xilinx-eabi/gcc] ==> [/home/hyeonjun/AMD/Vitis/2023.2/gnu/aarch32/lin/gcc-arm-none-eabi/x86_64-oesdk-linux/usr/lib/arm-xilinx-eabi/gcc]
  collapse library dir [/home/hyeonjun/AMD/Vitis/2023.2/gnu/aarch32/lin/gcc-arm-none-eabi/bin/../aarch32-xilinx-eabi/usr/lib/arm-xilinx-eabi/12.2.0] ==> [/home/hyeonjun/AMD/Vitis/2023.2/gnu/aarch32/lin/gcc-arm-none-eabi/aarch32-xilinx-eabi/usr/lib/arm-xilinx-eabi/12.2.0]
  collapse library dir [/home/hyeonjun/AMD/Vitis/2023.2/gnu/aarch32/lin/gcc-arm-none-eabi/bin/../aarch32-xilinx-eabi/usr/lib] ==> [/home/hyeonjun/AMD/Vitis/2023.2/gnu/aarch32/lin/gcc-arm-none-eabi/aarch32-xilinx-eabi/usr/lib]
  implicit libs: [gcc;c]
  implicit objs: [/home/hyeonjun/AMD/Vitis/2023.2/gnu/aarch32/lin/gcc-arm-none-eabi/aarch32-xilinx-eabi/usr/lib/thumb/v7-a+fp/hard/crti.o;/home/hyeonjun/AMD/Vitis/2023.2/gnu/aarch32/lin/gcc-arm-none-eabi/aarch32-xilinx-eabi/usr/lib/thumb/v7-a+fp/hard/crtbegin.o;/home/hyeonjun/AMD/Vitis/2023.2/gnu/aarch32/lin/gcc-arm-none-eabi/aarch32-xilinx-eabi/usr/lib/thumb/v7-a+fp/hard/crtend.o;/home/hyeonjun/AMD/Vitis/2023.2/gnu/aarch32/lin/gcc-arm-none-eabi/aarch32-xilinx-eabi/usr/lib/thumb/v7-a+fp/hard/crtn.o]
  implicit dirs: [/home/hyeonjun/AMD/Vitis/2023.2/gnu/aarch32/lin/gcc-arm-none-eabi/aarch32-xilinx-eabi/usr/lib/thumb/v7-a+fp/hard;/home/hyeonjun/AMD/Vitis/2023.2/gnu/aarch32/lin/gcc-arm-none-eabi/x86_64-oesdk-linux/usr/lib/arm-xilinx-eabi/gcc/arm-xilinx-eabi/12.2.0;/home/hyeonjun/AMD/Vitis/2023.2/gnu/aarch32/lin/gcc-arm-none-eabi/x86_64-oesdk-linux/usr/lib/arm-xilinx-eabi/gcc;/home/hyeonjun/AMD/Vitis/2023.2/gnu/aarch32/lin/gcc-arm-none-eabi/aarch32-xilinx-eabi/usr/lib/arm-xilinx-eabi/12.2.0;/home/hyeonjun/AMD/Vitis/2023.2/gnu/aarch32/lin/gcc-arm-none-eabi/aarch32-xilinx-eabi/usr/lib]
  implicit fwks: []


Detecting CXX compiler ABI info compiled with the following output:
Change Dir: /home/hyeonjun/AMD/Vivado/source/camera2hdmi_final1.01/camera2hdmi_final1.01/vitis_workspace/camera_app/build/CMakeFiles/CMakeTmp

Run Build Command(s):/usr/bin/gmake -f Makefile cmTC_7259d/fast && /usr/bin/gmake  -f CMakeFiles/cmTC_7259d.dir/build.make CMakeFiles/cmTC_7259d.dir/build
gmake[1]: Entering directory '/home/hyeonjun/AMD/Vivado/source/camera2hdmi_final1.01/camera2hdmi_final1.01/vitis_workspace/camera_app/build/CMakeFiles/CMakeTmp'
Building CXX object CMakeFiles/cmTC_7259d.dir/CMakeCXXCompilerABI.cpp.obj
/home/hyeonjun/AMD/Vitis/2023.2/gnu/aarch32/lin/gcc-arm-none-eabi/bin/arm-none-eabi-g++   -O2 -DSDT -mcpu=cortex-a9 -mfpu=vfpv3 -mfloat-abi=hard  -MMD -MP -specs=/home/hyeonjun/AMD/Vitis/2023.2/data/embeddedsw/scripts/specs/arm/Xilinx.spec -I/home/hyeonjun/AMD/Vivado/source/camera2hdmi_final1.01/camera2hdmi_final1.01/vitis_workspace/my_platform/export/my_platform/sw/standalone_ps7_cortexa9_0/include    -v -o CMakeFiles/cmTC_7259d.dir/CMakeCXXCompilerABI.cpp.obj -c /usr/share/cmake-3.22/Modules/CMakeCXXCompilerABI.cpp
Using built-in specs.
Reading specs from /home/hyeonjun/AMD/Vitis/2023.2/data/embeddedsw/scripts/specs/arm/Xilinx.spec
COLLECT_GCC=/home/hyeonjun/AMD/Vitis/2023.2/gnu/aarch32/lin/gcc-arm-none-eabi/bin/../x86_64-oesdk-linux/usr/bin/arm-xilinx-eabi/arm-xilinx-eabi-g++.real
Target: arm-xilinx-eabi
Configured with: ../../../../../../work-shared/gcc-12.2.0-r0/gcc-12.2.0/configure --build=x86_64-linux --host=x86_64-oesdk-linux --target=arm-xilinx-eabi --prefix=/usr/local/oe-sdk-hardcoded-buildpath/sysroots/x86_64-oesdk-linux/usr --exec_prefix=/usr/local/oe-sdk-hardcoded-buildpath/sysroots/x86_64-oesdk-linux/usr --bindir=/usr/local/oe-sdk-hardcoded-buildpath/sysroots/x86_64-oesdk-linux/usr/bin/arm-xilinx-eabi --sbindir=/usr/local/oe-sdk-hardcoded-buildpath/sysroots/x86_64-oesdk-linux/usr/bin/arm-xilinx-eabi --libexecdir=/usr/local/oe-sdk-hardcoded-buildpath/sysroots/x86_64-oesdk-linux/usr/libexec/arm-xilinx-eabi --datadir=/usr/local/oe-sdk-hardcoded-buildpath/sysroots/x86_64-oesdk-linux/usr/share --sysconfdir=/usr/local/oe-sdk-hardcoded-buildpath/sysroots/x86_64-oesdk-linux/etc --sharedstatedir=/usr/local/oe-sdk-hardcoded-buildpath/sysroots/x86_64-oesdk-linux/com --localstatedir=/usr/local/oe-sdk-hardcoded-buildpath/sysroots/x86_64-oesdk-linux/var --libdir=/usr/local/oe-sdk-hardcoded-buildpath/sysroots/x86_64-oesdk-linux/usr/lib/arm-xilinx-eabi --includedir=/usr/local/oe-sdk-hardcoded-buildpath/sysroots/x86_64-oesdk-linux/usr/include --oldincludedir=/usr/local/oe-sdk-hardcoded-buildpath/sysroots/x86_64-oesdk-linux/usr/include --infodir=/usr/local/oe-sdk-hardcoded-buildpath/sysroots/x86_64-oesdk-linux/usr/share/info --mandir=/usr/local/oe-sdk-hardcoded-buildpath/sysroots/x86_64-oesdk-linux/usr/share/man --disable-silent-rules --disable-dependency-tracking --with-libtool-sysroot=/scratch/jenkins-BUILDS-eSDK-toolchain-2023.1_toolchain-7_Standalone_aarch32-tc/build/aarch32-tc-x86_64/work/x86_64-nativesdk-oesdk-linux/gcc-cross-canadian-arm/12.2.0-r0/recipe-sysroot --with-gnu-ld --enable-shared --enable-languages=c,c++,fortran --enable-threads=posix --enable-multilib --enable-c99 --enable-long-long --enable-libstdcxx-pch --program-prefix=arm-xilinx-eabi- --without-local-prefix --disable-install-libiberty --disable-libssp --enable-libitm --enable-lto --disable-bootstrap --with-system-zlib --enable-linker-build-id --with-ppl=no --with-cloog=no --enable-checking=release --enable-cheaders=c_global --without-isl --with-gxx-include-dir=/not/exist/usr/include/c++/12.2.0 --with-build-time-tools=/scratch/jenkins-BUILDS-eSDK-toolchain-2023.1_toolchain-7_Standalone_aarch32-tc/build/aarch32-tc-x86_64/work/x86_64-nativesdk-oesdk-linux/gcc-cross-canadian-arm/12.2.0-r0/recipe-sysroot-native/usr/arm-xilinx-eabi/bin --with-sysroot=/not/exist --with-build-sysroot=/scratch/jenkins-BUILDS-eSDK-toolchain-2023.1_toolchain-7_Standalone_aarch32-tc/build/aarch32-tc-x86_64/work/x86_64-nativesdk-oesdk-linux/gcc-cross-canadian-arm/12.2.0-r0/recipe-sysroot --enable-standard-branch-protection --with-plugin-ld=ld --enable-poison-system-directories --enable-nls --with-glibc-version=2.28 --enable-initfini-array --disable-libstdcxx-pch --with-newlib --disable-threads --enable-plugins --with-gnu-as --disable-libitm --with-multilib-list=aprofile --enable-multilib --with-sysroot=/not/exist
Thread model: single
Supported LTO compression algorithms: zlib zstd
gcc version 12.2.0 (GCC) 
COLLECT_GCC_OPTIONS='--sysroot=/home/hyeonjun/AMD/Vitis/2023.2/gnu/aarch32/lin/gcc-arm-none-eabi/bin/../aarch32-xilinx-eabi' '-O2' '-D' 'SDT' '-mcpu=cortex-a9' '-mfpu=vfpv3' '-mfloat-abi=hard' '-MMD' '-MP' '-specs=/home/hyeonjun/AMD/Vitis/2023.2/data/embeddedsw/scripts/specs/arm/Xilinx.spec' '-I' '/home/hyeonjun/AMD/Vivado/source/camera2hdmi_final1.01/camera2hdmi_final1.01/vitis_workspace/my_platform/export/my_platform/sw/standalone_ps7_cortexa9_0/include' '-v' '-o' 'CMakeFiles/cmTC_7259d.dir/CMakeCXXCompilerABI.cpp.obj' '-c' '-marm' '-mlibarch=armv7-a+mp+sec+vfpv3' '-march=armv7-a+mp+sec+vfpv3' '-dumpdir' 'CMakeFiles/cmTC_7259d.dir/'
 /home/hyeonjun/AMD/Vitis/2023.2/gnu/aarch32/lin/gcc-arm-none-eabi/x86_64-oesdk-linux/usr/bin/arm-xilinx-eabi/../../libexec/arm-xilinx-eabi/gcc/arm-xilinx-eabi/12.2.0/cc1plus -quiet -v -I /home/hyeonjun/AMD/Vivado/source/camera2hdmi_final1.01/camera2hdmi_final1.01/vitis_workspace/my_platform/export/my_platform/sw/standalone_ps7_cortexa9_0/include -imultilib thumb/v7-a+fp/hard -iprefix /home/hyeonjun/AMD/Vitis/2023.2/gnu/aarch32/lin/gcc-arm-none-eabi/x86_64-oesdk-linux/usr/bin/arm-xilinx-eabi/../../lib/arm-xilinx-eabi/gcc/arm-xilinx-eabi/12.2.0/ -isysroot /home/hyeonjun/AMD/Vitis/2023.2/gnu/aarch32/lin/gcc-arm-none-eabi/bin/../aarch32-xilinx-eabi -MMD CMakeFiles/cmTC_7259d.dir/CMakeCXXCompilerABI.cpp.d -MP -MQ CMakeFiles/cmTC_7259d.dir/CMakeCXXCompilerABI.cpp.obj -D__USES_INITFINI__ -D SDT /usr/share/cmake-3.22/Modules/CMakeCXXCompilerABI.cpp -quiet -dumpdir CMakeFiles/cmTC_7259d.dir/ -dumpbase CMakeCXXCompilerABI.cpp.cpp -dumpbase-ext .cpp -mcpu=cortex-a9 -mfpu=vfpv3 -mfloat-abi=hard -marm -mlibarch=armv7-a+mp+sec+vfpv3 -march=armv7-a+mp+sec+vfpv3 -O2 -version -o /tmp/ccRkrtmG.s
GNU C++17 (GCC) version 12.2.0 (arm-xilinx-eabi)
	compiled by GNU C version 12.2.0, GMP version 6.2.1, MPFR version 4.1.0, MPC version 1.2.1, isl version none
GGC heuristics: --param ggc-min-expand=100 --param ggc-min-heapsize=131072
ignoring nonexistent directory "/home/hyeonjun/AMD/Vitis/2023.2/gnu/aarch32/lin/gcc-arm-none-eabi/x86_64-oesdk-linux/usr/bin/arm-xilinx-eabi/../../lib/arm-xilinx-eabi/gcc/arm-xilinx-eabi/12.2.0/../../../../../arm-xilinx-eabi/include"
ignoring duplicate directory "/home/hyeonjun/AMD/Vitis/2023.2/gnu/aarch32/lin/gcc-arm-none-eabi/x86_64-oesdk-linux/usr/bin/arm-xilinx-eabi/../../lib/arm-xilinx-eabi/gcc/../../../lib/arm-xilinx-eabi/gcc/arm-xilinx-eabi/12.2.0/include"
ignoring nonexistent directory "/home/hyeonjun/AMD/Vitis/2023.2/gnu/aarch32/lin/gcc-arm-none-eabi/bin/../aarch32-xilinx-eabi/usr/lib/arm-xilinx-eabi/12.2.0/include"
ignoring nonexistent directory "/home/hyeonjun/AMD/Vitis/2023.2/gnu/aarch32/lin/gcc-arm-none-eabi/bin/../aarch32-xilinx-eabi/usr/local/include"
ignoring duplicate directory "/home/hyeonjun/AMD/Vitis/2023.2/gnu/aarch32/lin/gcc-arm-none-eabi/x86_64-oesdk-linux/usr/bin/arm-xilinx-eabi/../../lib/arm-xilinx-eabi/gcc/../../../lib/arm-xilinx-eabi/gcc/arm-xilinx-eabi/12.2.0/include-fixed"
ignoring nonexistent directory "/home/hyeonjun/AMD/Vitis/2023.2/gnu/aarch32/lin/gcc-arm-none-eabi/x86_64-oesdk-linux/usr/bin/arm-xilinx-eabi/../../lib/arm-xilinx-eabi/gcc/../../../lib/arm-xilinx-eabi/gcc/arm-xilinx-eabi/12.2.0/../../../../../arm-xilinx-eabi/include"
#include "..." search starts here:
#include <...> search starts here:
 /home/hyeonjun/AMD/Vivado/source/camera2hdmi_final1.01/camera2hdmi_final1.01/vitis_workspace/my_platform/export/my_platform/sw/standalone_ps7_cortexa9_0/include
 /home/hyeonjun/AMD/Vitis/2023.2/gnu/aarch32/lin/gcc-arm-none-eabi/x86_64-oesdk-linux/usr/bin/arm-xilinx-eabi/../../lib/arm-xilinx-eabi/gcc/arm-xilinx-eabi/12.2.0/include
 /home/hyeonjun/AMD/Vitis/2023.2/gnu/aarch32/lin/gcc-arm-none-eabi/x86_64-oesdk-linux/usr/bin/arm-xilinx-eabi/../../lib/arm-xilinx-eabi/gcc/arm-xilinx-eabi/12.2.0/include-fixed
 /home/hyeonjun/AMD/Vitis/2023.2/gnu/aarch32/lin/gcc-arm-none-eabi/bin/../aarch32-xilinx-eabi/usr/include/c++/12.2.0
 /home/hyeonjun/AMD/Vitis/2023.2/gnu/aarch32/lin/gcc-arm-none-eabi/bin/../aarch32-xilinx-eabi/usr/include/c++/12.2.0/arm-xilinx-eabi/thumb/v7-a+fp/hard
 /home/hyeonjun/AMD/Vitis/2023.2/gnu/aarch32/lin/gcc-arm-none-eabi/bin/../aarch32-xilinx-eabi/usr/include/c++/12.2.0/backward
 /home/hyeonjun/AMD/Vitis/2023.2/gnu/aarch32/lin/gcc-arm-none-eabi/bin/../aarch32-xilinx-eabi/usr/include/
End of search list.
GNU C++17 (GCC) version 12.2.0 (arm-xilinx-eabi)
	compiled by GNU C version 12.2.0, GMP version 6.2.1, MPFR version 4.1.0, MPC version 1.2.1, isl version none
GGC heuristics: --param ggc-min-expand=100 --param ggc-min-heapsize=131072
Compiler executable checksum: 5001d1566945242e28b6c410879f52c0
COLLECT_GCC_OPTIONS='--sysroot=/home/hyeonjun/AMD/Vitis/2023.2/gnu/aarch32/lin/gcc-arm-none-eabi/bin/../aarch32-xilinx-eabi' '-O2' '-D' 'SDT' '-mcpu=cortex-a9' '-mfpu=vfpv3' '-mfloat-abi=hard' '-MMD' '-MP' '-specs=/home/hyeonjun/AMD/Vitis/2023.2/data/embeddedsw/scripts/specs/arm/Xilinx.spec' '-I' '/home/hyeonjun/AMD/Vivado/source/camera2hdmi_final1.01/camera2hdmi_final1.01/vitis_workspace/my_platform/export/my_platform/sw/standalone_ps7_cortexa9_0/include' '-v' '-o' 'CMakeFiles/cmTC_7259d.dir/CMakeCXXCompilerABI.cpp.obj' '-c' '-marm' '-mlibarch=armv7-a+mp+sec+vfpv3' '-march=armv7-a+mp+sec+vfpv3' '-dumpdir' 'CMakeFiles/cmTC_7259d.dir/'
 /home/hyeonjun/AMD/Vitis/2023.2/gnu/aarch32/lin/gcc-arm-none-eabi/x86_64-oesdk-linux/usr/bin/arm-xilinx-eabi/../../libexec/arm-xilinx-eabi/gcc/arm-xilinx-eabi/12.2.0/as -v -I /home/hyeonjun/AMD/Vivado/source/camera2hdmi_final1.01/camera2hdmi_final1.01/vitis_workspace/my_platform/export/my_platform/sw/standalone_ps7_cortexa9_0/include -march=armv7-a+mp+sec+vfpv3 -mfloat-abi=hard -mfpu=vfpv3 -meabi=5 -o CMakeFiles/cmTC_7259d.dir/CMakeCXXCompilerABI.cpp.obj /tmp/ccRkrtmG.s
GNU assembler version 2.39.0 (arm-xilinx-eabi) using BFD version (GNU Binutils) 2.39.0.20220819
COMPILER_PATH=/home/hyeonjun/AMD/Vitis/2023.2/gnu/aarch32/lin/gcc-arm-none-eabi/x86_64-oesdk-linux/usr/bin/arm-xilinx-eabi/../../libexec/arm-xilinx-eabi/gcc/arm-xilinx-eabi/12.2.0/:/home/hyeonjun/AMD/Vitis/2023.2/gnu/aarch32/lin/gcc-arm-none-eabi/x86_64-oesdk-linux/usr/bin/arm-xilinx-eabi/../../libexec/arm-xilinx-eabi/gcc/
LIBRARY_PATH=/home/hyeonjun/AMD/Vitis/2023.2/gnu/aarch32/lin/gcc-arm-none-eabi/bin/../aarch32-xilinx-eabi/usr/lib/thumb/v7-a+fp/hard/:/home/hyeonjun/AMD/Vitis/2023.2/gnu/aarch32/lin/gcc-arm-none-eabi/x86_64-oesdk-linux/usr/bin/arm-xilinx-eabi/../../lib/arm-xilinx-eabi/gcc/arm-xilinx-eabi/12.2.0/:/home/hyeonjun/AMD/Vitis/2023.2/gnu/aarch32/lin/gcc-arm-none-eabi/x86_64-oesdk-linux/usr/bin/arm-xilinx-eabi/../../lib/arm-xilinx-eabi/gcc/:/home/hyeonjun/AMD/Vitis/2023.2/gnu/aarch32/lin/gcc-arm-none-eabi/bin/../aarch32-xilinx-eabi/usr/lib/arm-xilinx-eabi/12.2.0/:/home/hyeonjun/AMD/Vitis/2023.2/gnu/aarch32/lin/gcc-arm-none-eabi/bin/../aarch32-xilinx-eabi/usr/lib/
COLLECT_GCC_OPTIONS='--sysroot=/home/hyeonjun/AMD/Vitis/2023.2/gnu/aarch32/lin/gcc-arm-none-eabi/bin/../aarch32-xilinx-eabi' '-O2' '-D' 'SDT' '-mcpu=cortex-a9' '-mfpu=vfpv3' '-mfloat-abi=hard' '-MMD' '-MP' '-specs=/home/hyeonjun/AMD/Vitis/2023.2/data/embeddedsw/scripts/specs/arm/Xilinx.spec' '-I' '/home/hyeonjun/AMD/Vivado/source/camera2hdmi_final1.01/camera2hdmi_final1.01/vitis_workspace/my_platform/export/my_platform/sw/standalone_ps7_cortexa9_0/include' '-v' '-o' 'CMakeFiles/cmTC_7259d.dir/CMakeCXXCompilerABI.cpp.obj' '-c' '-marm' '-mlibarch=armv7-a+mp+sec+vfpv3' '-march=armv7-a+mp+sec+vfpv3' '-dumpdir' 'CMakeFiles/cmTC_7259d.dir/CMakeCXXCompilerABI.cpp.'
Linking CXX executable cmTC_7259d
/usr/bin/cmake -E cmake_link_script CMakeFiles/cmTC_7259d.dir/link.txt --verbose=1
/home/hyeonjun/AMD/Vitis/2023.2/gnu/aarch32/lin/gcc-arm-none-eabi/bin/arm-none-eabi-g++  -O2 -DSDT -mcpu=cortex-a9 -mfpu=vfpv3 -mfloat-abi=hard  -MMD -MP -specs=/home/hyeonjun/AMD/Vitis/2023.2/data/embeddedsw/scripts/specs/arm/Xilinx.spec -I/home/hyeonjun/AMD/Vivado/source/camera2hdmi_final1.01/camera2hdmi_final1.01/vitis_workspace/my_platform/export/my_platform/sw/standalone_ps7_cortexa9_0/include   -v CMakeFiles/cmTC_7259d.dir/CMakeCXXCompilerABI.cpp.obj -o cmTC_7259d 
Using built-in specs.
Reading specs from /home/hyeonjun/AMD/Vitis/2023.2/data/embeddedsw/scripts/specs/arm/Xilinx.spec
COLLECT_GCC=/home/hyeonjun/AMD/Vitis/2023.2/gnu/aarch32/lin/gcc-arm-none-eabi/bin/../x86_64-oesdk-linux/usr/bin/arm-xilinx-eabi/arm-xilinx-eabi-g++.real
COLLECT_LTO_WRAPPER=/home/hyeonjun/AMD/Vitis/2023.2/gnu/aarch32/lin/gcc-arm-none-eabi/x86_64-oesdk-linux/usr/bin/arm-xilinx-eabi/../../libexec/arm-xilinx-eabi/gcc/arm-xilinx-eabi/12.2.0/lto-wrapper
Target: arm-xilinx-eabi
Configured with: ../../../../../../work-shared/gcc-12.2.0-r0/gcc-12.2.0/configure --build=x86_64-linux --host=x86_64-oesdk-linux --target=arm-xilinx-eabi --prefix=/usr/local/oe-sdk-hardcoded-buildpath/sysroots/x86_64-oesdk-linux/usr --exec_prefix=/usr/local/oe-sdk-hardcoded-buildpath/sysroots/x86_64-oesdk-linux/usr --bindir=/usr/local/oe-sdk-hardcoded-buildpath/sysroots/x86_64-oesdk-linux/usr/bin/arm-xilinx-eabi --sbindir=/usr/local/oe-sdk-hardcoded-buildpath/sysroots/x86_64-oesdk-linux/usr/bin/arm-xilinx-eabi --libexecdir=/usr/local/oe-sdk-hardcoded-buildpath/sysroots/x86_64-oesdk-linux/usr/libexec/arm-xilinx-eabi --datadir=/usr/local/oe-sdk-hardcoded-buildpath/sysroots/x86_64-oesdk-linux/usr/share --sysconfdir=/usr/local/oe-sdk-hardcoded-buildpath/sysroots/x86_64-oesdk-linux/etc --sharedstatedir=/usr/local/oe-sdk-hardcoded-buildpath/sysroots/x86_64-oesdk-linux/com --localstatedir=/usr/local/oe-sdk-hardcoded-buildpath/sysroots/x86_64-oesdk-linux/var --libdir=/usr/local/oe-sdk-hardcoded-buildpath/sysroots/x86_64-oesdk-linux/usr/lib/arm-xilinx-eabi --includedir=/usr/local/oe-sdk-hardcoded-buildpath/sysroots/x86_64-oesdk-linux/usr/include --oldincludedir=/usr/local/oe-sdk-hardcoded-buildpath/sysroots/x86_64-oesdk-linux/usr/include --infodir=/usr/local/oe-sdk-hardcoded-buildpath/sysroots/x86_64-oesdk-linux/usr/share/info --mandir=/usr/local/oe-sdk-hardcoded-buildpath/sysroots/x86_64-oesdk-linux/usr/share/man --disable-silent-rules --disable-dependency-tracking --with-libtool-sysroot=/scratch/jenkins-BUILDS-eSDK-toolchain-2023.1_toolchain-7_Standalone_aarch32-tc/build/aarch32-tc-x86_64/work/x86_64-nativesdk-oesdk-linux/gcc-cross-canadian-arm/12.2.0-r0/recipe-sysroot --with-gnu-ld --enable-shared --enable-languages=c,c++,fortran --enable-threads=posix --enable-multilib --enable-c99 --enable-long-long --enable-libstdcxx-pch --program-prefix=arm-xilinx-eabi- --without-local-prefix --disable-install-libiberty --disable-libssp --enable-libitm --enable-lto --disable-bootstrap --with-system-zlib --enable-linker-build-id --with-ppl=no --with-cloog=no --enable-checking=release --enable-cheaders=c_global --without-isl --with-gxx-include-dir=/not/exist/usr/include/c++/12.2.0 --with-build-time-tools=/scratch/jenkins-BUILDS-eSDK-toolchain-2023.1_toolchain-7_Standalone_aarch32-tc/build/aarch32-tc-x86_64/work/x86_64-nativesdk-oesdk-linux/gcc-cross-canadian-arm/12.2.0-r0/recipe-sysroot-native/usr/arm-xilinx-eabi/bin --with-sysroot=/not/exist --with-build-sysroot=/scratch/jenkins-BUILDS-eSDK-toolchain-2023.1_toolchain-7_Standalone_aarch32-tc/build/aarch32-tc-x86_64/work/x86_64-nativesdk-oesdk-linux/gcc-cross-canadian-arm/12.2.0-r0/recipe-sysroot --enable-standard-branch-protection --with-plugin-ld=ld --enable-poison-system-directories --enable-nls --with-glibc-version=2.28 --enable-initfini-array --disable-libstdcxx-pch --with-newlib --disable-threads --enable-plugins --with-gnu-as --disable-libitm --with-multilib-list=aprofile --enable-multilib --with-sysroot=/not/exist
Thread model: single
Supported LTO compression algorithms: zlib zstd
gcc version 12.2.0 (GCC) 
COMPILER_PATH=/home/hyeonjun/AMD/Vitis/2023.2/gnu/aarch32/lin/gcc-arm-none-eabi/x86_64-oesdk-linux/usr/bin/arm-xilinx-eabi/../../libexec/arm-xilinx-eabi/gcc/arm-xilinx-eabi/12.2.0/:/home/hyeonjun/AMD/Vitis/2023.2/gnu/aarch32/lin/gcc-arm-none-eabi/x86_64-oesdk-linux/usr/bin/arm-xilinx-eabi/../../libexec/arm-xilinx-eabi/gcc/
LIBRARY_PATH=/home/hyeonjun/AMD/Vitis/2023.2/gnu/aarch32/lin/gcc-arm-none-eabi/bin/../aarch32-xilinx-eabi/usr/lib/thumb/v7-a+fp/hard/:/home/hyeonjun/AMD/Vitis/2023.2/gnu/aarch32/lin/gcc-arm-none-eabi/x86_64-oesdk-linux/usr/bin/arm-xilinx-eabi/../../lib/arm-xilinx-eabi/gcc/arm-xilinx-eabi/12.2.0/:/home/hyeonjun/AMD/Vitis/2023.2/gnu/aarch32/lin/gcc-arm-none-eabi/x86_64-oesdk-linux/usr/bin/arm-xilinx-eabi/../../lib/arm-xilinx-eabi/gcc/:/home/hyeonjun/AMD/Vitis/2023.2/gnu/aarch32/lin/gcc-arm-none-eabi/bin/../aarch32-xilinx-eabi/usr/lib/arm-xilinx-eabi/12.2.0/:/home/hyeonjun/AMD/Vitis/2023.2/gnu/aarch32/lin/gcc-arm-none-eabi/bin/../aarch32-xilinx-eabi/usr/lib/
COLLECT_GCC_OPTIONS='--sysroot=/home/hyeonjun/AMD/Vitis/2023.2/gnu/aarch32/lin/gcc-arm-none-eabi/bin/../aarch32-xilinx-eabi' '-O2' '-D' 'SDT' '-mcpu=cortex-a9' '-mfpu=vfpv3' '-mfloat-abi=hard' '-MMD' '-MP' '-specs=/home/hyeonjun/AMD/Vitis/2023.2/data/embeddedsw/scripts/specs/arm/Xilinx.spec' '-I' '/home/hyeonjun/AMD/Vivado/source/camera2hdmi_final1.01/camera2hdmi_final1.01/vitis_workspace/my_platform/export/my_platform/sw/standalone_ps7_cortexa9_0/include' '-v' '-o' 'cmTC_7259d' '-marm' '-mlibarch=armv7-a+mp+sec+vfpv3' '-march=armv7-a+mp+sec+vfpv3' '-dumpdir' 'cmTC_7259d.'
 /home/hyeonjun/AMD/Vitis/2023.2/gnu/aarch32/lin/gcc-arm-none-eabi/x86_64-oesdk-linux/usr/bin/arm-xilinx-eabi/../../libexec/arm-xilinx-eabi/gcc/arm-xilinx-eabi/12.2.0/collect2 -plugin /home/hyeonjun/AMD/Vitis/2023.2/gnu/aarch32/lin/gcc-arm-none-eabi/x86_64-oesdk-linux/usr/bin/arm-xilinx-eabi/../../libexec/arm-xilinx-eabi/gcc/arm-xilinx-eabi/12.2.0/liblto_plugin.so -plugin-opt=/home/hyeonjun/AMD/Vitis/2023.2/gnu/aarch32/lin/gcc-arm-none-eabi/x86_64-oesdk-linux/usr/bin/arm-xilinx-eabi/../../libexec/arm-xilinx-eabi/gcc/arm-xilinx-eabi/12.2.0/lto-wrapper -plugin-opt=-fresolution=/tmp/ccArBkgQ.res -plugin-opt=-pass-through=-lgcc -plugin-opt=-pass-through=-lc --sysroot=/home/hyeonjun/AMD/Vitis/2023.2/gnu/aarch32/lin/gcc-arm-none-eabi/bin/../aarch32-xilinx-eabi --build-id -X -o cmTC_7259d /home/hyeonjun/AMD/Vitis/2023.2/gnu/aarch32/lin/gcc-arm-none-eabi/bin/../aarch32-xilinx-eabi/usr/lib/thumb/v7-a+fp/hard/crti.o /home/hyeonjun/AMD/Vitis/2023.2/gnu/aarch32/lin/gcc-arm-none-eabi/bin/../aarch32-xilinx-eabi/usr/lib/thumb/v7-a+fp/hard/crtbegin.o -L/home/hyeonjun/AMD/Vitis/2023.2/gnu/aarch32/lin/gcc-arm-none-eabi/bin/../aarch32-xilinx-eabi/usr/lib/thumb/v7-a+fp/hard -L/home/hyeonjun/AMD/Vitis/2023.2/gnu/aarch32/lin/gcc-arm-none-eabi/x86_64-oesdk-linux/usr/bin/arm-xilinx-eabi/../../lib/arm-xilinx-eabi/gcc/arm-xilinx-eabi/12.2.0 -L/home/hyeonjun/AMD/Vitis/2023.2/gnu/aarch32/lin/gcc-arm-none-eabi/x86_64-oesdk-linux/usr/bin/arm-xilinx-eabi/../../lib/arm-xilinx-eabi/gcc -L/home/hyeonjun/AMD/Vitis/2023.2/gnu/aarch32/lin/gcc-arm-none-eabi/bin/../aarch32-xilinx-eabi/usr/lib/arm-xilinx-eabi/12.2.0 -L/home/hyeonjun/AMD/Vitis/2023.2/gnu/aarch32/lin/gcc-arm-none-eabi/bin/../aarch32-xilinx-eabi/usr/lib --no-warn-rwx-segment CMakeFiles/cmTC_7259d.dir/CMakeCXXCompilerABI.cpp.obj -lstdc++ -lm --start-group -lgcc -lc --end-group /home/hyeonjun/AMD/Vitis/2023.2/gnu/aarch32/lin/gcc-arm-none-eabi/bin/../aarch32-xilinx-eabi/usr/lib/thumb/v7-a+fp/hard/crtend.o /home/hyeonjun/AMD/Vitis/2023.2/gnu/aarch32/lin/gcc-arm-none-eabi/bin/../aarch32-xilinx-eabi/usr/lib/thumb/v7-a+fp/hard/crtn.o
/home/hyeonjun/AMD/Vitis/2023.2/gnu/aarch32/lin/gcc-arm-none-eabi/x86_64-oesdk-linux/usr/bin/arm-xilinx-eabi/arm-xilinx-eabi-ld.real: warning: cannot find entry symbol _start; defaulting to 0000000000008030
COLLECT_GCC_OPTIONS='--sysroot=/home/hyeonjun/AMD/Vitis/2023.2/gnu/aarch32/lin/gcc-arm-none-eabi/bin/../aarch32-xilinx-eabi' '-O2' '-D' 'SDT' '-mcpu=cortex-a9' '-mfpu=vfpv3' '-mfloat-abi=hard' '-MMD' '-MP' '-specs=/home/hyeonjun/AMD/Vitis/2023.2/data/embeddedsw/scripts/specs/arm/Xilinx.spec' '-I' '/home/hyeonjun/AMD/Vivado/source/camera2hdmi_final1.01/camera2hdmi_final1.01/vitis_workspace/my_platform/export/my_platform/sw/standalone_ps7_cortexa9_0/include' '-v' '-o' 'cmTC_7259d' '-marm' '-mlibarch=armv7-a+mp+sec+vfpv3' '-march=armv7-a+mp+sec+vfpv3' '-dumpdir' 'cmTC_7259d.'
gmake[1]: Leaving directory '/home/hyeonjun/AMD/Vivado/source/camera2hdmi_final1.01/camera2hdmi_final1.01/vitis_workspace/camera_app/build/CMakeFiles/CMakeTmp'



Parsed CXX implicit include dir info from above output: rv=done
  found start of include info
  found start of implicit include info
    add: [/home/hyeonjun/AMD/Vivado/source/camera2hdmi_final1.01/camera2hdmi_final1.01/vitis_workspace/my_platform/export/my_platform/sw/standalone_ps7_cortexa9_0/include]
    add: [/home/hyeonjun/AMD/Vitis/2023.2/gnu/aarch32/lin/gcc-arm-none-eabi/x86_64-oesdk-linux/usr/bin/arm-xilinx-eabi/../../lib/arm-xilinx-eabi/gcc/arm-xilinx-eabi/12.2.0/include]
    add: [/home/hyeonjun/AMD/Vitis/2023.2/gnu/aarch32/lin/gcc-arm-none-eabi/x86_64-oesdk-linux/usr/bin/arm-xilinx-eabi/../../lib/arm-xilinx-eabi/gcc/arm-xilinx-eabi/12.2.0/include-fixed]
    add: [/home/hyeonjun/AMD/Vitis/2023.2/gnu/aarch32/lin/gcc-arm-none-eabi/bin/../aarch32-xilinx-eabi/usr/include/c++/12.2.0]
    add: [/home/hyeonjun/AMD/Vitis/2023.2/gnu/aarch32/lin/gcc-arm-none-eabi/bin/../aarch32-xilinx-eabi/usr/include/c++/12.2.0/arm-xilinx-eabi/thumb/v7-a+fp/hard]
    add: [/home/hyeonjun/AMD/Vitis/2023.2/gnu/aarch32/lin/gcc-arm-none-eabi/bin/../aarch32-xilinx-eabi/usr/include/c++/12.2.0/backward]
    add: [/home/hyeonjun/AMD/Vitis/2023.2/gnu/aarch32/lin/gcc-arm-none-eabi/bin/../aarch32-xilinx-eabi/usr/include/]
  end of search list found
  collapse include dir [/home/hyeonjun/AMD/Vivado/source/camera2hdmi_final1.01/camera2hdmi_final1.01/vitis_workspace/my_platform/export/my_platform/sw/standalone_ps7_cortexa9_0/include] ==> [/home/hyeonjun/AMD/Vivado/source/camera2hdmi_final1.01/camera2hdmi_final1.01/vitis_workspace/my_platform/export/my_platform/sw/standalone_ps7_cortexa9_0/include]
  collapse include dir [/home/hyeonjun/AMD/Vitis/2023.2/gnu/aarch32/lin/gcc-arm-none-eabi/x86_64-oesdk-linux/usr/bin/arm-xilinx-eabi/../../lib/arm-xilinx-eabi/gcc/arm-xilinx-eabi/12.2.0/include] ==> [/home/hyeonjun/AMD/Vitis/2023.2/gnu/aarch32/lin/gcc-arm-none-eabi/x86_64-oesdk-linux/usr/lib/arm-xilinx-eabi/gcc/arm-xilinx-eabi/12.2.0/include]
  collapse include dir [/home/hyeonjun/AMD/Vitis/2023.2/gnu/aarch32/lin/gcc-arm-none-eabi/x86_64-oesdk-linux/usr/bin/arm-xilinx-eabi/../../lib/arm-xilinx-eabi/gcc/arm-xilinx-eabi/12.2.0/include-fixed] ==> [/home/hyeonjun/AMD/Vitis/2023.2/gnu/aarch32/lin/gcc-arm-none-eabi/x86_64-oesdk-linux/usr/lib/arm-xilinx-eabi/gcc/arm-xilinx-eabi/12.2.0/include-fixed]
  collapse include dir [/home/hyeonjun/AMD/Vitis/2023.2/gnu/aarch32/lin/gcc-arm-none-eabi/bin/../aarch32-xilinx-eabi/usr/include/c++/12.2.0] ==> [/home/hyeonjun/AMD/Vitis/2023.2/gnu/aarch32/lin/gcc-arm-none-eabi/aarch32-xilinx-eabi/usr/include/c++/12.2.0]
  collapse include dir [/home/hyeonjun/AMD/Vitis/2023.2/gnu/aarch32/lin/gcc-arm-none-eabi/bin/../aarch32-xilinx-eabi/usr/include/c++/12.2.0/arm-xilinx-eabi/thumb/v7-a+fp/hard] ==> [/home/hyeonjun/AMD/Vitis/2023.2/gnu/aarch32/lin/gcc-arm-none-eabi/aarch32-xilinx-eabi/usr/include/c++/12.2.0/arm-xilinx-eabi/thumb/v7-a+fp/hard]
  collapse include dir [/home/hyeonjun/AMD/Vitis/2023.2/gnu/aarch32/lin/gcc-arm-none-eabi/bin/../aarch32-xilinx-eabi/usr/include/c++/12.2.0/backward] ==> [/home/hyeonjun/AMD/Vitis/2023.2/gnu/aarch32/lin/gcc-arm-none-eabi/aarch32-xilinx-eabi/usr/include/c++/12.2.0/backward]
  collapse include dir [/home/hyeonjun/AMD/Vitis/2023.2/gnu/aarch32/lin/gcc-arm-none-eabi/bin/../aarch32-xilinx-eabi/usr/include/] ==> [/home/hyeonjun/AMD/Vitis/2023.2/gnu/aarch32/lin/gcc-arm-none-eabi/aarch32-xilinx-eabi/usr/include]
  implicit include dirs: [/home/hyeonjun/AMD/Vivado/source/camera2hdmi_final1.01/camera2hdmi_final1.01/vitis_workspace/my_platform/export/my_platform/sw/standalone_ps7_cortexa9_0/include;/home/hyeonjun/AMD/Vitis/2023.2/gnu/aarch32/lin/gcc-arm-none-eabi/x86_64-oesdk-linux/usr/lib/arm-xilinx-eabi/gcc/arm-xilinx-eabi/12.2.0/include;/home/hyeonjun/AMD/Vitis/2023.2/gnu/aarch32/lin/gcc-arm-none-eabi/x86_64-oesdk-linux/usr/lib/arm-xilinx-eabi/gcc/arm-xilinx-eabi/12.2.0/include-fixed;/home/hyeonjun/AMD/Vitis/2023.2/gnu/aarch32/lin/gcc-arm-none-eabi/aarch32-xilinx-eabi/usr/include/c++/12.2.0;/home/hyeonjun/AMD/Vitis/2023.2/gnu/aarch32/lin/gcc-arm-none-eabi/aarch32-xilinx-eabi/usr/include/c++/12.2.0/arm-xilinx-eabi/thumb/v7-a+fp/hard;/home/hyeonjun/AMD/Vitis/2023.2/gnu/aarch32/lin/gcc-arm-none-eabi/aarch32-xilinx-eabi/usr/include/c++/12.2.0/backward;/home/hyeonjun/AMD/Vitis/2023.2/gnu/aarch32/lin/gcc-arm-none-eabi/aarch32-xilinx-eabi/usr/include]


Parsed CXX implicit link information from above output:
  link line regex: [^( *|.*[/\])(arm-none-eabi-ld|CMAKE_LINK_STARTFILE-NOTFOUND|([^/\]+-)?ld|collect2)[^/\]*( |$)]
  ignore line: [Change Dir: /home/hyeonjun/AMD/Vivado/source/camera2hdmi_final1.01/camera2hdmi_final1.01/vitis_workspace/camera_app/build/CMakeFiles/CMakeTmp]
  ignore line: []
  ignore line: [Run Build Command(s):/usr/bin/gmake -f Makefile cmTC_7259d/fast && /usr/bin/gmake  -f CMakeFiles/cmTC_7259d.dir/build.make CMakeFiles/cmTC_7259d.dir/build]
  ignore line: [gmake[1]: Entering directory '/home/hyeonjun/AMD/Vivado/source/camera2hdmi_final1.01/camera2hdmi_final1.01/vitis_workspace/camera_app/build/CMakeFiles/CMakeTmp']
  ignore line: [Building CXX object CMakeFiles/cmTC_7259d.dir/CMakeCXXCompilerABI.cpp.obj]
  ignore line: [/home/hyeonjun/AMD/Vitis/2023.2/gnu/aarch32/lin/gcc-arm-none-eabi/bin/arm-none-eabi-g++   -O2 -DSDT -mcpu=cortex-a9 -mfpu=vfpv3 -mfloat-abi=hard  -MMD -MP -specs=/home/hyeonjun/AMD/Vitis/2023.2/data/embeddedsw/scripts/specs/arm/Xilinx.spec -I/home/hyeonjun/AMD/Vivado/source/camera2hdmi_final1.01/camera2hdmi_final1.01/vitis_workspace/my_platform/export/my_platform/sw/standalone_ps7_cortexa9_0/include    -v -o CMakeFiles/cmTC_7259d.dir/CMakeCXXCompilerABI.cpp.obj -c /usr/share/cmake-3.22/Modules/CMakeCXXCompilerABI.cpp]
  ignore line: [Using built-in specs.]
  ignore line: [Reading specs from /home/hyeonjun/AMD/Vitis/2023.2/data/embeddedsw/scripts/specs/arm/Xilinx.spec]
  ignore line: [COLLECT_GCC=/home/hyeonjun/AMD/Vitis/2023.2/gnu/aarch32/lin/gcc-arm-none-eabi/bin/../x86_64-oesdk-linux/usr/bin/arm-xilinx-eabi/arm-xilinx-eabi-g++.real]
  ignore line: [Target: arm-xilinx-eabi]
  ignore line: [Configured with: ../../../../../../work-shared/gcc-12.2.0-r0/gcc-12.2.0/configure --build=x86_64-linux --host=x86_64-oesdk-linux --target=arm-xilinx-eabi --prefix=/usr/local/oe-sdk-hardcoded-buildpath/sysroots/x86_64-oesdk-linux/usr --exec_prefix=/usr/local/oe-sdk-hardcoded-buildpath/sysroots/x86_64-oesdk-linux/usr --bindir=/usr/local/oe-sdk-hardcoded-buildpath/sysroots/x86_64-oesdk-linux/usr/bin/arm-xilinx-eabi --sbindir=/usr/local/oe-sdk-hardcoded-buildpath/sysroots/x86_64-oesdk-linux/usr/bin/arm-xilinx-eabi --libexecdir=/usr/local/oe-sdk-hardcoded-buildpath/sysroots/x86_64-oesdk-linux/usr/libexec/arm-xilinx-eabi --datadir=/usr/local/oe-sdk-hardcoded-buildpath/sysroots/x86_64-oesdk-linux/usr/share --sysconfdir=/usr/local/oe-sdk-hardcoded-buildpath/sysroots/x86_64-oesdk-linux/etc --sharedstatedir=/usr/local/oe-sdk-hardcoded-buildpath/sysroots/x86_64-oesdk-linux/com --localstatedir=/usr/local/oe-sdk-hardcoded-buildpath/sysroots/x86_64-oesdk-linux/var --libdir=/usr/local/oe-sdk-hardcoded-buildpath/sysroots/x86_64-oesdk-linux/usr/lib/arm-xilinx-eabi --includedir=/usr/local/oe-sdk-hardcoded-buildpath/sysroots/x86_64-oesdk-linux/usr/include --oldincludedir=/usr/local/oe-sdk-hardcoded-buildpath/sysroots/x86_64-oesdk-linux/usr/include --infodir=/usr/local/oe-sdk-hardcoded-buildpath/sysroots/x86_64-oesdk-linux/usr/share/info --mandir=/usr/local/oe-sdk-hardcoded-buildpath/sysroots/x86_64-oesdk-linux/usr/share/man --disable-silent-rules --disable-dependency-tracking --with-libtool-sysroot=/scratch/jenkins-BUILDS-eSDK-toolchain-2023.1_toolchain-7_Standalone_aarch32-tc/build/aarch32-tc-x86_64/work/x86_64-nativesdk-oesdk-linux/gcc-cross-canadian-arm/12.2.0-r0/recipe-sysroot --with-gnu-ld --enable-shared --enable-languages=c,c++,fortran --enable-threads=posix --enable-multilib --enable-c99 --enable-long-long --enable-libstdcxx-pch --program-prefix=arm-xilinx-eabi- --without-local-prefix --disable-install-libiberty --disable-libssp --enable-libitm --enable-lto --disable-bootstrap --with-system-zlib --enable-linker-build-id --with-ppl=no --with-cloog=no --enable-checking=release --enable-cheaders=c_global --without-isl --with-gxx-include-dir=/not/exist/usr/include/c++/12.2.0 --with-build-time-tools=/scratch/jenkins-BUILDS-eSDK-toolchain-2023.1_toolchain-7_Standalone_aarch32-tc/build/aarch32-tc-x86_64/work/x86_64-nativesdk-oesdk-linux/gcc-cross-canadian-arm/12.2.0-r0/recipe-sysroot-native/usr/arm-xilinx-eabi/bin --with-sysroot=/not/exist --with-build-sysroot=/scratch/jenkins-BUILDS-eSDK-toolchain-2023.1_toolchain-7_Standalone_aarch32-tc/build/aarch32-tc-x86_64/work/x86_64-nativesdk-oesdk-linux/gcc-cross-canadian-arm/12.2.0-r0/recipe-sysroot --enable-standard-branch-protection --with-plugin-ld=ld --enable-poison-system-directories --enable-nls --with-glibc-version=2.28 --enable-initfini-array --disable-libstdcxx-pch --with-newlib --disable-threads --enable-plugins --with-gnu-as --disable-libitm --with-multilib-list=aprofile --enable-multilib --with-sysroot=/not/exist]
  ignore line: [Thread model: single]
  ignore line: [Supported LTO compression algorithms: zlib zstd]
  ignore line: [gcc version 12.2.0 (GCC) ]
  ignore line: [COLLECT_GCC_OPTIONS='--sysroot=/home/hyeonjun/AMD/Vitis/2023.2/gnu/aarch32/lin/gcc-arm-none-eabi/bin/../aarch32-xilinx-eabi' '-O2' '-D' 'SDT' '-mcpu=cortex-a9' '-mfpu=vfpv3' '-mfloat-abi=hard' '-MMD' '-MP' '-specs=/home/hyeonjun/AMD/Vitis/2023.2/data/embeddedsw/scripts/specs/arm/Xilinx.spec' '-I' '/home/hyeonjun/AMD/Vivado/source/camera2hdmi_final1.01/camera2hdmi_final1.01/vitis_workspace/my_platform/export/my_platform/sw/standalone_ps7_cortexa9_0/include' '-v' '-o' 'CMakeFiles/cmTC_7259d.dir/CMakeCXXCompilerABI.cpp.obj' '-c' '-marm' '-mlibarch=armv7-a+mp+sec+vfpv3' '-march=armv7-a+mp+sec+vfpv3' '-dumpdir' 'CMakeFiles/cmTC_7259d.dir/']
  ignore line: [ /home/hyeonjun/AMD/Vitis/2023.2/gnu/aarch32/lin/gcc-arm-none-eabi/x86_64-oesdk-linux/usr/bin/arm-xilinx-eabi/../../libexec/arm-xilinx-eabi/gcc/arm-xilinx-eabi/12.2.0/cc1plus -quiet -v -I /home/hyeonjun/AMD/Vivado/source/camera2hdmi_final1.01/camera2hdmi_final1.01/vitis_workspace/my_platform/export/my_platform/sw/standalone_ps7_cortexa9_0/include -imultilib thumb/v7-a+fp/hard -iprefix /home/hyeonjun/AMD/Vitis/2023.2/gnu/aarch32/lin/gcc-arm-none-eabi/x86_64-oesdk-linux/usr/bin/arm-xilinx-eabi/../../lib/arm-xilinx-eabi/gcc/arm-xilinx-eabi/12.2.0/ -isysroot /home/hyeonjun/AMD/Vitis/2023.2/gnu/aarch32/lin/gcc-arm-none-eabi/bin/../aarch32-xilinx-eabi -MMD CMakeFiles/cmTC_7259d.dir/CMakeCXXCompilerABI.cpp.d -MP -MQ CMakeFiles/cmTC_7259d.dir/CMakeCXXCompilerABI.cpp.obj -D__USES_INITFINI__ -D SDT /usr/share/cmake-3.22/Modules/CMakeCXXCompilerABI.cpp -quiet -dumpdir CMakeFiles/cmTC_7259d.dir/ -dumpbase CMakeCXXCompilerABI.cpp.cpp -dumpbase-ext .cpp -mcpu=cortex-a9 -mfpu=vfpv3 -mfloat-abi=hard -marm -mlibarch=armv7-a+mp+sec+vfpv3 -march=armv7-a+mp+sec+vfpv3 -O2 -version -o /tmp/ccRkrtmG.s]
  ignore line: [GNU C++17 (GCC) version 12.2.0 (arm-xilinx-eabi)]
  ignore line: [	compiled by GNU C version 12.2.0  GMP version 6.2.1  MPFR version 4.1.0  MPC version 1.2.1  isl version none]
  ignore line: [GGC heuristics: --param ggc-min-expand=100 --param ggc-min-heapsize=131072]
  ignore line: [ignoring nonexistent directory "/home/hyeonjun/AMD/Vitis/2023.2/gnu/aarch32/lin/gcc-arm-none-eabi/x86_64-oesdk-linux/usr/bin/arm-xilinx-eabi/../../lib/arm-xilinx-eabi/gcc/arm-xilinx-eabi/12.2.0/../../../../../arm-xilinx-eabi/include"]
  ignore line: [ignoring duplicate directory "/home/hyeonjun/AMD/Vitis/2023.2/gnu/aarch32/lin/gcc-arm-none-eabi/x86_64-oesdk-linux/usr/bin/arm-xilinx-eabi/../../lib/arm-xilinx-eabi/gcc/../../../lib/arm-xilinx-eabi/gcc/arm-xilinx-eabi/12.2.0/include"]
  ignore line: [ignoring nonexistent directory "/home/hyeonjun/AMD/Vitis/2023.2/gnu/aarch32/lin/gcc-arm-none-eabi/bin/../aarch32-xilinx-eabi/usr/lib/arm-xilinx-eabi/12.2.0/include"]
  ignore line: [ignoring nonexistent directory "/home/hyeonjun/AMD/Vitis/2023.2/gnu/aarch32/lin/gcc-arm-none-eabi/bin/../aarch32-xilinx-eabi/usr/local/include"]
  ignore line: [ignoring duplicate directory "/home/hyeonjun/AMD/Vitis/2023.2/gnu/aarch32/lin/gcc-arm-none-eabi/x86_64-oesdk-linux/usr/bin/arm-xilinx-eabi/../../lib/arm-xilinx-eabi/gcc/../../../lib/arm-xilinx-eabi/gcc/arm-xilinx-eabi/12.2.0/include-fixed"]
  ignore line: [ignoring nonexistent directory "/home/hyeonjun/AMD/Vitis/2023.2/gnu/aarch32/lin/gcc-arm-none-eabi/x86_64-oesdk-linux/usr/bin/arm-xilinx-eabi/../../lib/arm-xilinx-eabi/gcc/../../../lib/arm-xilinx-eabi/gcc/arm-xilinx-eabi/12.2.0/../../../../../arm-xilinx-eabi/include"]
  ignore line: [#include "..." search starts here:]
  ignore line: [#include <...> search starts here:]
  ignore line: [ /home/hyeonjun/AMD/Vivado/source/camera2hdmi_final1.01/camera2hdmi_final1.01/vitis_workspace/my_platform/export/my_platform/sw/standalone_ps7_cortexa9_0/include]
  ignore line: [ /home/hyeonjun/AMD/Vitis/2023.2/gnu/aarch32/lin/gcc-arm-none-eabi/x86_64-oesdk-linux/usr/bin/arm-xilinx-eabi/../../lib/arm-xilinx-eabi/gcc/arm-xilinx-eabi/12.2.0/include]
  ignore line: [ /home/hyeonjun/AMD/Vitis/2023.2/gnu/aarch32/lin/gcc-arm-none-eabi/x86_64-oesdk-linux/usr/bin/arm-xilinx-eabi/../../lib/arm-xilinx-eabi/gcc/arm-xilinx-eabi/12.2.0/include-fixed]
  ignore line: [ /home/hyeonjun/AMD/Vitis/2023.2/gnu/aarch32/lin/gcc-arm-none-eabi/bin/../aarch32-xilinx-eabi/usr/include/c++/12.2.0]
  ignore line: [ /home/hyeonjun/AMD/Vitis/2023.2/gnu/aarch32/lin/gcc-arm-none-eabi/bin/../aarch32-xilinx-eabi/usr/include/c++/12.2.0/arm-xilinx-eabi/thumb/v7-a+fp/hard]
  ignore line: [ /home/hyeonjun/AMD/Vitis/2023.2/gnu/aarch32/lin/gcc-arm-none-eabi/bin/../aarch32-xilinx-eabi/usr/include/c++/12.2.0/backward]
  ignore line: [ /home/hyeonjun/AMD/Vitis/2023.2/gnu/aarch32/lin/gcc-arm-none-eabi/bin/../aarch32-xilinx-eabi/usr/include/]
  ignore line: [End of search list.]
  ignore line: [GNU C++17 (GCC) version 12.2.0 (arm-xilinx-eabi)]
  ignore line: [	compiled by GNU C version 12.2.0  GMP version 6.2.1  MPFR version 4.1.0  MPC version 1.2.1  isl version none]
  ignore line: [GGC heuristics: --param ggc-min-expand=100 --param ggc-min-heapsize=131072]
  ignore line: [Compiler executable checksum: 5001d1566945242e28b6c410879f52c0]
  ignore line: [COLLECT_GCC_OPTIONS='--sysroot=/home/hyeonjun/AMD/Vitis/2023.2/gnu/aarch32/lin/gcc-arm-none-eabi/bin/../aarch32-xilinx-eabi' '-O2' '-D' 'SDT' '-mcpu=cortex-a9' '-mfpu=vfpv3' '-mfloat-abi=hard' '-MMD' '-MP' '-specs=/home/hyeonjun/AMD/Vitis/2023.2/data/embeddedsw/scripts/specs/arm/Xilinx.spec' '-I' '/home/hyeonjun/AMD/Vivado/source/camera2hdmi_final1.01/camera2hdmi_final1.01/vitis_workspace/my_platform/export/my_platform/sw/standalone_ps7_cortexa9_0/include' '-v' '-o' 'CMakeFiles/cmTC_7259d.dir/CMakeCXXCompilerABI.cpp.obj' '-c' '-marm' '-mlibarch=armv7-a+mp+sec+vfpv3' '-march=armv7-a+mp+sec+vfpv3' '-dumpdir' 'CMakeFiles/cmTC_7259d.dir/']
  ignore line: [ /home/hyeonjun/AMD/Vitis/2023.2/gnu/aarch32/lin/gcc-arm-none-eabi/x86_64-oesdk-linux/usr/bin/arm-xilinx-eabi/../../libexec/arm-xilinx-eabi/gcc/arm-xilinx-eabi/12.2.0/as -v -I /home/hyeonjun/AMD/Vivado/source/camera2hdmi_final1.01/camera2hdmi_final1.01/vitis_workspace/my_platform/export/my_platform/sw/standalone_ps7_cortexa9_0/include -march=armv7-a+mp+sec+vfpv3 -mfloat-abi=hard -mfpu=vfpv3 -meabi=5 -o CMakeFiles/cmTC_7259d.dir/CMakeCXXCompilerABI.cpp.obj /tmp/ccRkrtmG.s]
  ignore line: [GNU assembler version 2.39.0 (arm-xilinx-eabi) using BFD version (GNU Binutils) 2.39.0.20220819]
  ignore line: [COMPILER_PATH=/home/hyeonjun/AMD/Vitis/2023.2/gnu/aarch32/lin/gcc-arm-none-eabi/x86_64-oesdk-linux/usr/bin/arm-xilinx-eabi/../../libexec/arm-xilinx-eabi/gcc/arm-xilinx-eabi/12.2.0/:/home/hyeonjun/AMD/Vitis/2023.2/gnu/aarch32/lin/gcc-arm-none-eabi/x86_64-oesdk-linux/usr/bin/arm-xilinx-eabi/../../libexec/arm-xilinx-eabi/gcc/]
  ignore line: [LIBRARY_PATH=/home/hyeonjun/AMD/Vitis/2023.2/gnu/aarch32/lin/gcc-arm-none-eabi/bin/../aarch32-xilinx-eabi/usr/lib/thumb/v7-a+fp/hard/:/home/hyeonjun/AMD/Vitis/2023.2/gnu/aarch32/lin/gcc-arm-none-eabi/x86_64-oesdk-linux/usr/bin/arm-xilinx-eabi/../../lib/arm-xilinx-eabi/gcc/arm-xilinx-eabi/12.2.0/:/home/hyeonjun/AMD/Vitis/2023.2/gnu/aarch32/lin/gcc-arm-none-eabi/x86_64-oesdk-linux/usr/bin/arm-xilinx-eabi/../../lib/arm-xilinx-eabi/gcc/:/home/hyeonjun/AMD/Vitis/2023.2/gnu/aarch32/lin/gcc-arm-none-eabi/bin/../aarch32-xilinx-eabi/usr/lib/arm-xilinx-eabi/12.2.0/:/home/hyeonjun/AMD/Vitis/2023.2/gnu/aarch32/lin/gcc-arm-none-eabi/bin/../aarch32-xilinx-eabi/usr/lib/]
  ignore line: [COLLECT_GCC_OPTIONS='--sysroot=/home/hyeonjun/AMD/Vitis/2023.2/gnu/aarch32/lin/gcc-arm-none-eabi/bin/../aarch32-xilinx-eabi' '-O2' '-D' 'SDT' '-mcpu=cortex-a9' '-mfpu=vfpv3' '-mfloat-abi=hard' '-MMD' '-MP' '-specs=/home/hyeonjun/AMD/Vitis/2023.2/data/embeddedsw/scripts/specs/arm/Xilinx.spec' '-I' '/home/hyeonjun/AMD/Vivado/source/camera2hdmi_final1.01/camera2hdmi_final1.01/vitis_workspace/my_platform/export/my_platform/sw/standalone_ps7_cortexa9_0/include' '-v' '-o' 'CMakeFiles/cmTC_7259d.dir/CMakeCXXCompilerABI.cpp.obj' '-c' '-marm' '-mlibarch=armv7-a+mp+sec+vfpv3' '-march=armv7-a+mp+sec+vfpv3' '-dumpdir' 'CMakeFiles/cmTC_7259d.dir/CMakeCXXCompilerABI.cpp.']
  ignore line: [Linking CXX executable cmTC_7259d]
  ignore line: [/usr/bin/cmake -E cmake_link_script CMakeFiles/cmTC_7259d.dir/link.txt --verbose=1]
  ignore line: [/home/hyeonjun/AMD/Vitis/2023.2/gnu/aarch32/lin/gcc-arm-none-eabi/bin/arm-none-eabi-g++  -O2 -DSDT -mcpu=cortex-a9 -mfpu=vfpv3 -mfloat-abi=hard  -MMD -MP -specs=/home/hyeonjun/AMD/Vitis/2023.2/data/embeddedsw/scripts/specs/arm/Xilinx.spec -I/home/hyeonjun/AMD/Vivado/source/camera2hdmi_final1.01/camera2hdmi_final1.01/vitis_workspace/my_platform/export/my_platform/sw/standalone_ps7_cortexa9_0/include   -v CMakeFiles/cmTC_7259d.dir/CMakeCXXCompilerABI.cpp.obj -o cmTC_7259d ]
  ignore line: [Using built-in specs.]
  ignore line: [Reading specs from /home/hyeonjun/AMD/Vitis/2023.2/data/embeddedsw/scripts/specs/arm/Xilinx.spec]
  ignore line: [COLLECT_GCC=/home/hyeonjun/AMD/Vitis/2023.2/gnu/aarch32/lin/gcc-arm-none-eabi/bin/../x86_64-oesdk-linux/usr/bin/arm-xilinx-eabi/arm-xilinx-eabi-g++.real]
  ignore line: [COLLECT_LTO_WRAPPER=/home/hyeonjun/AMD/Vitis/2023.2/gnu/aarch32/lin/gcc-arm-none-eabi/x86_64-oesdk-linux/usr/bin/arm-xilinx-eabi/../../libexec/arm-xilinx-eabi/gcc/arm-xilinx-eabi/12.2.0/lto-wrapper]
  ignore line: [Target: arm-xilinx-eabi]
  ignore line: [Configured with: ../../../../../../work-shared/gcc-12.2.0-r0/gcc-12.2.0/configure --build=x86_64-linux --host=x86_64-oesdk-linux --target=arm-xilinx-eabi --prefix=/usr/local/oe-sdk-hardcoded-buildpath/sysroots/x86_64-oesdk-linux/usr --exec_prefix=/usr/local/oe-sdk-hardcoded-buildpath/sysroots/x86_64-oesdk-linux/usr --bindir=/usr/local/oe-sdk-hardcoded-buildpath/sysroots/x86_64-oesdk-linux/usr/bin/arm-xilinx-eabi --sbindir=/usr/local/oe-sdk-hardcoded-buildpath/sysroots/x86_64-oesdk-linux/usr/bin/arm-xilinx-eabi --libexecdir=/usr/local/oe-sdk-hardcoded-buildpath/sysroots/x86_64-oesdk-linux/usr/libexec/arm-xilinx-eabi --datadir=/usr/local/oe-sdk-hardcoded-buildpath/sysroots/x86_64-oesdk-linux/usr/share --sysconfdir=/usr/local/oe-sdk-hardcoded-buildpath/sysroots/x86_64-oesdk-linux/etc --sharedstatedir=/usr/local/oe-sdk-hardcoded-buildpath/sysroots/x86_64-oesdk-linux/com --localstatedir=/usr/local/oe-sdk-hardcoded-buildpath/sysroots/x86_64-oesdk-linux/var --libdir=/usr/local/oe-sdk-hardcoded-buildpath/sysroots/x86_64-oesdk-linux/usr/lib/arm-xilinx-eabi --includedir=/usr/local/oe-sdk-hardcoded-buildpath/sysroots/x86_64-oesdk-linux/usr/include --oldincludedir=/usr/local/oe-sdk-hardcoded-buildpath/sysroots/x86_64-oesdk-linux/usr/include --infodir=/usr/local/oe-sdk-hardcoded-buildpath/sysroots/x86_64-oesdk-linux/usr/share/info --mandir=/usr/local/oe-sdk-hardcoded-buildpath/sysroots/x86_64-oesdk-linux/usr/share/man --disable-silent-rules --disable-dependency-tracking --with-libtool-sysroot=/scratch/jenkins-BUILDS-eSDK-toolchain-2023.1_toolchain-7_Standalone_aarch32-tc/build/aarch32-tc-x86_64/work/x86_64-nativesdk-oesdk-linux/gcc-cross-canadian-arm/12.2.0-r0/recipe-sysroot --with-gnu-ld --enable-shared --enable-languages=c,c++,fortran --enable-threads=posix --enable-multilib --enable-c99 --enable-long-long --enable-libstdcxx-pch --program-prefix=arm-xilinx-eabi- --without-local-prefix --disable-install-libiberty --disable-libssp --enable-libitm --enable-lto --disable-bootstrap --with-system-zlib --enable-linker-build-id --with-ppl=no --with-cloog=no --enable-checking=release --enable-cheaders=c_global --without-isl --with-gxx-include-dir=/not/exist/usr/include/c++/12.2.0 --with-build-time-tools=/scratch/jenkins-BUILDS-eSDK-toolchain-2023.1_toolchain-7_Standalone_aarch32-tc/build/aarch32-tc-x86_64/work/x86_64-nativesdk-oesdk-linux/gcc-cross-canadian-arm/12.2.0-r0/recipe-sysroot-native/usr/arm-xilinx-eabi/bin --with-sysroot=/not/exist --with-build-sysroot=/scratch/jenkins-BUILDS-eSDK-toolchain-2023.1_toolchain-7_Standalone_aarch32-tc/build/aarch32-tc-x86_64/work/x86_64-nativesdk-oesdk-linux/gcc-cross-canadian-arm/12.2.0-r0/recipe-sysroot --enable-standard-branch-protection --with-plugin-ld=ld --enable-poison-system-directories --enable-nls --with-glibc-version=2.28 --enable-initfini-array --disable-libstdcxx-pch --with-newlib --disable-threads --enable-plugins --with-gnu-as --disable-libitm --with-multilib-list=aprofile --enable-multilib --with-sysroot=/not/exist]
  ignore line: [Thread model: single]
  ignore line: [Supported LTO compression algorithms: zlib zstd]
  ignore line: [gcc version 12.2.0 (GCC) ]
  ignore line: [COMPILER_PATH=/home/hyeonjun/AMD/Vitis/2023.2/gnu/aarch32/lin/gcc-arm-none-eabi/x86_64-oesdk-linux/usr/bin/arm-xilinx-eabi/../../libexec/arm-xilinx-eabi/gcc/arm-xilinx-eabi/12.2.0/:/home/hyeonjun/AMD/Vitis/2023.2/gnu/aarch32/lin/gcc-arm-none-eabi/x86_64-oesdk-linux/usr/bin/arm-xilinx-eabi/../../libexec/arm-xilinx-eabi/gcc/]
  ignore line: [LIBRARY_PATH=/home/hyeonjun/AMD/Vitis/2023.2/gnu/aarch32/lin/gcc-arm-none-eabi/bin/../aarch32-xilinx-eabi/usr/lib/thumb/v7-a+fp/hard/:/home/hyeonjun/AMD/Vitis/2023.2/gnu/aarch32/lin/gcc-arm-none-eabi/x86_64-oesdk-linux/usr/bin/arm-xilinx-eabi/../../lib/arm-xilinx-eabi/gcc/arm-xilinx-eabi/12.2.0/:/home/hyeonjun/AMD/Vitis/2023.2/gnu/aarch32/lin/gcc-arm-none-eabi/x86_64-oesdk-linux/usr/bin/arm-xilinx-eabi/../../lib/arm-xilinx-eabi/gcc/:/home/hyeonjun/AMD/Vitis/2023.2/gnu/aarch32/lin/gcc-arm-none-eabi/bin/../aarch32-xilinx-eabi/usr/lib/arm-xilinx-eabi/12.2.0/:/home/hyeonjun/AMD/Vitis/2023.2/gnu/aarch32/lin/gcc-arm-none-eabi/bin/../aarch32-xilinx-eabi/usr/lib/]
  ignore line: [COLLECT_GCC_OPTIONS='--sysroot=/home/hyeonjun/AMD/Vitis/2023.2/gnu/aarch32/lin/gcc-arm-none-eabi/bin/../aarch32-xilinx-eabi' '-O2' '-D' 'SDT' '-mcpu=cortex-a9' '-mfpu=vfpv3' '-mfloat-abi=hard' '-MMD' '-MP' '-specs=/home/hyeonjun/AMD/Vitis/2023.2/data/embeddedsw/scripts/specs/arm/Xilinx.spec' '-I' '/home/hyeonjun/AMD/Vivado/source/camera2hdmi_final1.01/camera2hdmi_final1.01/vitis_workspace/my_platform/export/my_platform/sw/standalone_ps7_cortexa9_0/include' '-v' '-o' 'cmTC_7259d' '-marm' '-mlibarch=armv7-a+mp+sec+vfpv3' '-march=armv7-a+mp+sec+vfpv3' '-dumpdir' 'cmTC_7259d.']
  link line: [ /home/hyeonjun/AMD/Vitis/2023.2/gnu/aarch32/lin/gcc-arm-none-eabi/x86_64-oesdk-linux/usr/bin/arm-xilinx-eabi/../../libexec/arm-xilinx-eabi/gcc/arm-xilinx-eabi/12.2.0/collect2 -plugin /home/hyeonjun/AMD/Vitis/2023.2/gnu/aarch32/lin/gcc-arm-none-eabi/x86_64-oesdk-linux/usr/bin/arm-xilinx-eabi/../../libexec/arm-xilinx-eabi/gcc/arm-xilinx-eabi/12.2.0/liblto_plugin.so -plugin-opt=/home/hyeonjun/AMD/Vitis/2023.2/gnu/aarch32/lin/gcc-arm-none-eabi/x86_64-oesdk-linux/usr/bin/arm-xilinx-eabi/../../libexec/arm-xilinx-eabi/gcc/arm-xilinx-eabi/12.2.0/lto-wrapper -plugin-opt=-fresolution=/tmp/ccArBkgQ.res -plugin-opt=-pass-through=-lgcc -plugin-opt=-pass-through=-lc --sysroot=/home/hyeonjun/AMD/Vitis/2023.2/gnu/aarch32/lin/gcc-arm-none-eabi/bin/../aarch32-xilinx-eabi --build-id -X -o cmTC_7259d /home/hyeonjun/AMD/Vitis/2023.2/gnu/aarch32/lin/gcc-arm-none-eabi/bin/../aarch32-xilinx-eabi/usr/lib/thumb/v7-a+fp/hard/crti.o /home/hyeonjun/AMD/Vitis/2023.2/gnu/aarch32/lin/gcc-arm-none-eabi/bin/../aarch32-xilinx-eabi/usr/lib/thumb/v7-a+fp/hard/crtbegin.o -L/home/hyeonjun/AMD/Vitis/2023.2/gnu/aarch32/lin/gcc-arm-none-eabi/bin/../aarch32-xilinx-eabi/usr/lib/thumb/v7-a+fp/hard -L/home/hyeonjun/AMD/Vitis/2023.2/gnu/aarch32/lin/gcc-arm-none-eabi/x86_64-oesdk-linux/usr/bin/arm-xilinx-eabi/../../lib/arm-xilinx-eabi/gcc/arm-xilinx-eabi/12.2.0 -L/home/hyeonjun/AMD/Vitis/2023.2/gnu/aarch32/lin/gcc-arm-none-eabi/x86_64-oesdk-linux/usr/bin/arm-xilinx-eabi/../../lib/arm-xilinx-eabi/gcc -L/home/hyeonjun/AMD/Vitis/2023.2/gnu/aarch32/lin/gcc-arm-none-eabi/bin/../aarch32-xilinx-eabi/usr/lib/arm-xilinx-eabi/12.2.0 -L/home/hyeonjun/AMD/Vitis/2023.2/gnu/aarch32/lin/gcc-arm-none-eabi/bin/../aarch32-xilinx-eabi/usr/lib --no-warn-rwx-segment CMakeFiles/cmTC_7259d.dir/CMakeCXXCompilerABI.cpp.obj -lstdc++ -lm --start-group -lgcc -lc --end-group /home/hyeonjun/AMD/Vitis/2023.2/gnu/aarch32/lin/gcc-arm-none-eabi/bin/../aarch32-xilinx-eabi/usr/lib/thumb/v7-a+fp/hard/crtend.o /home/hyeonjun/AMD/Vitis/2023.2/gnu/aarch32/lin/gcc-arm-none-eabi/bin/../aarch32-xilinx-eabi/usr/lib/thumb/v7-a+fp/hard/crtn.o]
    arg [/home/hyeonjun/AMD/Vitis/2023.2/gnu/aarch32/lin/gcc-arm-none-eabi/x86_64-oesdk-linux/usr/bin/arm-xilinx-eabi/../../libexec/arm-xilinx-eabi/gcc/arm-xilinx-eabi/12.2.0/collect2] ==> ignore
    arg [-plugin] ==> ignore
    arg [/home/hyeonjun/AMD/Vitis/2023.2/gnu/aarch32/lin/gcc-arm-none-eabi/x86_64-oesdk-linux/usr/bin/arm-xilinx-eabi/../../libexec/arm-xilinx-eabi/gcc/arm-xilinx-eabi/12.2.0/liblto_plugin.so] ==> ignore
    arg [-plugin-opt=/home/hyeonjun/AMD/Vitis/2023.2/gnu/aarch32/lin/gcc-arm-none-eabi/x86_64-oesdk-linux/usr/bin/arm-xilinx-eabi/../../libexec/arm-xilinx-eabi/gcc/arm-xilinx-eabi/12.2.0/lto-wrapper] ==> ignore
    arg [-plugin-opt=-fresolution=/tmp/ccArBkgQ.res] ==> ignore
    arg [-plugin-opt=-pass-through=-lgcc] ==> ignore
    arg [-plugin-opt=-pass-through=-lc] ==> ignore
    arg [--sysroot=/home/hyeonjun/AMD/Vitis/2023.2/gnu/aarch32/lin/gcc-arm-none-eabi/bin/../aarch32-xilinx-eabi] ==> ignore
    arg [--build-id] ==> ignore
    arg [-X] ==> ignore
    arg [-o] ==> ignore
    arg [cmTC_7259d] ==> ignore
    arg [/home/hyeonjun/AMD/Vitis/2023.2/gnu/aarch32/lin/gcc-arm-none-eabi/bin/../aarch32-xilinx-eabi/usr/lib/thumb/v7-a+fp/hard/crti.o] ==> obj [/home/hyeonjun/AMD/Vitis/2023.2/gnu/aarch32/lin/gcc-arm-none-eabi/bin/../aarch32-xilinx-eabi/usr/lib/thumb/v7-a+fp/hard/crti.o]
    arg [/home/hyeonjun/AMD/Vitis/2023.2/gnu/aarch32/lin/gcc-arm-none-eabi/bin/../aarch32-xilinx-eabi/usr/lib/thumb/v7-a+fp/hard/crtbegin.o] ==> obj [/home/hyeonjun/AMD/Vitis/2023.2/gnu/aarch32/lin/gcc-arm-none-eabi/bin/../aarch32-xilinx-eabi/usr/lib/thumb/v7-a+fp/hard/crtbegin.o]
    arg [-L/home/hyeonjun/AMD/Vitis/2023.2/gnu/aarch32/lin/gcc-arm-none-eabi/bin/../aarch32-xilinx-eabi/usr/lib/thumb/v7-a+fp/hard] ==> dir [/home/hyeonjun/AMD/Vitis/2023.2/gnu/aarch32/lin/gcc-arm-none-eabi/bin/../aarch32-xilinx-eabi/usr/lib/thumb/v7-a+fp/hard]
    arg [-L/home/hyeonjun/AMD/Vitis/2023.2/gnu/aarch32/lin/gcc-arm-none-eabi/x86_64-oesdk-linux/usr/bin/arm-xilinx-eabi/../../lib/arm-xilinx-eabi/gcc/arm-xilinx-eabi/12.2.0] ==> dir [/home/hyeonjun/AMD/Vitis/2023.2/gnu/aarch32/lin/gcc-arm-none-eabi/x86_64-oesdk-linux/usr/bin/arm-xilinx-eabi/../../lib/arm-xilinx-eabi/gcc/arm-xilinx-eabi/12.2.0]
    arg [-L/home/hyeonjun/AMD/Vitis/2023.2/gnu/aarch32/lin/gcc-arm-none-eabi/x86_64-oesdk-linux/usr/bin/arm-xilinx-eabi/../../lib/arm-xilinx-eabi/gcc] ==> dir [/home/hyeonjun/AMD/Vitis/2023.2/gnu/aarch32/lin/gcc-arm-none-eabi/x86_64-oesdk-linux/usr/bin/arm-xilinx-eabi/../../lib/arm-xilinx-eabi/gcc]
    arg [-L/home/hyeonjun/AMD/Vitis/2023.2/gnu/aarch32/lin/gcc-arm-none-eabi/bin/../aarch32-xilinx-eabi/usr/lib/arm-xilinx-eabi/12.2.0] ==> dir [/home/hyeonjun/AMD/Vitis/2023.2/gnu/aarch32/lin/gcc-arm-none-eabi/bin/../aarch32-xilinx-eabi/usr/lib/arm-xilinx-eabi/12.2.0]
    arg [-L/home/hyeonjun/AMD/Vitis/2023.2/gnu/aarch32/lin/gcc-arm-none-eabi/bin/../aarch32-xilinx-eabi/usr/lib] ==> dir [/home/hyeonjun/AMD/Vitis/2023.2/gnu/aarch32/lin/gcc-arm-none-eabi/bin/../aarch32-xilinx-eabi/usr/lib]
    arg [--no-warn-rwx-segment] ==> ignore
    arg [CMakeFiles/cmTC_7259d.dir/CMakeCXXCompilerABI.cpp.obj] ==> ignore
    arg [-lstdc++] ==> lib [stdc++]
    arg [-lm] ==> lib [m]
    arg [--start-group] ==> ignore
    arg [-lgcc] ==> lib [gcc]
    arg [-lc] ==> lib [c]
    arg [--end-group] ==> ignore
    arg [/home/hyeonjun/AMD/Vitis/2023.2/gnu/aarch32/lin/gcc-arm-none-eabi/bin/../aarch32-xilinx-eabi/usr/lib/thumb/v7-a+fp/hard/crtend.o] ==> obj [/home/hyeonjun/AMD/Vitis/2023.2/gnu/aarch32/lin/gcc-arm-none-eabi/bin/../aarch32-xilinx-eabi/usr/lib/thumb/v7-a+fp/hard/crtend.o]
    arg [/home/hyeonjun/AMD/Vitis/2023.2/gnu/aarch32/lin/gcc-arm-none-eabi/bin/../aarch32-xilinx-eabi/usr/lib/thumb/v7-a+fp/hard/crtn.o] ==> obj [/home/hyeonjun/AMD/Vitis/2023.2/gnu/aarch32/lin/gcc-arm-none-eabi/bin/../aarch32-xilinx-eabi/usr/lib/thumb/v7-a+fp/hard/crtn.o]
  collapse obj [/home/hyeonjun/AMD/Vitis/2023.2/gnu/aarch32/lin/gcc-arm-none-eabi/bin/../aarch32-xilinx-eabi/usr/lib/thumb/v7-a+fp/hard/crti.o] ==> [/home/hyeonjun/AMD/Vitis/2023.2/gnu/aarch32/lin/gcc-arm-none-eabi/aarch32-xilinx-eabi/usr/lib/thumb/v7-a+fp/hard/crti.o]
  collapse obj [/home/hyeonjun/AMD/Vitis/2023.2/gnu/aarch32/lin/gcc-arm-none-eabi/bin/../aarch32-xilinx-eabi/usr/lib/thumb/v7-a+fp/hard/crtbegin.o] ==> [/home/hyeonjun/AMD/Vitis/2023.2/gnu/aarch32/lin/gcc-arm-none-eabi/aarch32-xilinx-eabi/usr/lib/thumb/v7-a+fp/hard/crtbegin.o]
  collapse obj [/home/hyeonjun/AMD/Vitis/2023.2/gnu/aarch32/lin/gcc-arm-none-eabi/bin/../aarch32-xilinx-eabi/usr/lib/thumb/v7-a+fp/hard/crtend.o] ==> [/home/hyeonjun/AMD/Vitis/2023.2/gnu/aarch32/lin/gcc-arm-none-eabi/aarch32-xilinx-eabi/usr/lib/thumb/v7-a+fp/hard/crtend.o]
  collapse obj [/home/hyeonjun/AMD/Vitis/2023.2/gnu/aarch32/lin/gcc-arm-none-eabi/bin/../aarch32-xilinx-eabi/usr/lib/thumb/v7-a+fp/hard/crtn.o] ==> [/home/hyeonjun/AMD/Vitis/2023.2/gnu/aarch32/lin/gcc-arm-none-eabi/aarch32-xilinx-eabi/usr/lib/thumb/v7-a+fp/hard/crtn.o]
  collapse library dir [/home/hyeonjun/AMD/Vitis/2023.2/gnu/aarch32/lin/gcc-arm-none-eabi/bin/../aarch32-xilinx-eabi/usr/lib/thumb/v7-a+fp/hard] ==> [/home/hyeonjun/AMD/Vitis/2023.2/gnu/aarch32/lin/gcc-arm-none-eabi/aarch32-xilinx-eabi/usr/lib/thumb/v7-a+fp/hard]
  collapse library dir [/home/hyeonjun/AMD/Vitis/2023.2/gnu/aarch32/lin/gcc-arm-none-eabi/x86_64-oesdk-linux/usr/bin/arm-xilinx-eabi/../../lib/arm-xilinx-eabi/gcc/arm-xilinx-eabi/12.2.0] ==> [/home/hyeonjun/AMD/Vitis/2023.2/gnu/aarch32/lin/gcc-arm-none-eabi/x86_64-oesdk-linux/usr/lib/arm-xilinx-eabi/gcc/arm-xilinx-eabi/12.2.0]
  collapse library dir [/home/hyeonjun/AMD/Vitis/2023.2/gnu/aarch32/lin/gcc-arm-none-eabi/x86_64-oesdk-linux/usr/bin/arm-xilinx-eabi/../../lib/arm-xilinx-eabi/gcc] ==> [/home/hyeonjun/AMD/Vitis/2023.2/gnu/aarch32/lin/gcc-arm-none-eabi/x86_64-oesdk-linux/usr/lib/arm-xilinx-eabi/gcc]
  collapse library dir [/home/hyeonjun/AMD/Vitis/2023.2/gnu/aarch32/lin/gcc-arm-none-eabi/bin/../aarch32-xilinx-eabi/usr/lib/arm-xilinx-eabi/12.2.0] ==> [/home/hyeonjun/AMD/Vitis/2023.2/gnu/aarch32/lin/gcc-arm-none-eabi/aarch32-xilinx-eabi/usr/lib/arm-xilinx-eabi/12.2.0]
  collapse library dir [/home/hyeonjun/AMD/Vitis/2023.2/gnu/aarch32/lin/gcc-arm-none-eabi/bin/../aarch32-xilinx-eabi/usr/lib] ==> [/home/hyeonjun/AMD/Vitis/2023.2/gnu/aarch32/lin/gcc-arm-none-eabi/aarch32-xilinx-eabi/usr/lib]
  implicit libs: [stdc++;m;gcc;c]
  implicit objs: [/home/hyeonjun/AMD/Vitis/2023.2/gnu/aarch32/lin/gcc-arm-none-eabi/aarch32-xilinx-eabi/usr/lib/thumb/v7-a+fp/hard/crti.o;/home/hyeonjun/AMD/Vitis/2023.2/gnu/aarch32/lin/gcc-arm-none-eabi/aarch32-xilinx-eabi/usr/lib/thumb/v7-a+fp/hard/crtbegin.o;/home/hyeonjun/AMD/Vitis/2023.2/gnu/aarch32/lin/gcc-arm-none-eabi/aarch32-xilinx-eabi/usr/lib/thumb/v7-a+fp/hard/crtend.o;/home/hyeonjun/AMD/Vitis/2023.2/gnu/aarch32/lin/gcc-arm-none-eabi/aarch32-xilinx-eabi/usr/lib/thumb/v7-a+fp/hard/crtn.o]
  implicit dirs: [/home/hyeonjun/AMD/Vitis/2023.2/gnu/aarch32/lin/gcc-arm-none-eabi/aarch32-xilinx-eabi/usr/lib/thumb/v7-a+fp/hard;/home/hyeonjun/AMD/Vitis/2023.2/gnu/aarch32/lin/gcc-arm-none-eabi/x86_64-oesdk-linux/usr/lib/arm-xilinx-eabi/gcc/arm-xilinx-eabi/12.2.0;/home/hyeonjun/AMD/Vitis/2023.2/gnu/aarch32/lin/gcc-arm-none-eabi/x86_64-oesdk-linux/usr/lib/arm-xilinx-eabi/gcc;/home/hyeonjun/AMD/Vitis/2023.2/gnu/aarch32/lin/gcc-arm-none-eabi/aarch32-xilinx-eabi/usr/lib/arm-xilinx-eabi/12.2.0;/home/hyeonjun/AMD/Vitis/2023.2/gnu/aarch32/lin/gcc-arm-none-eabi/aarch32-xilinx-eabi/usr/lib]
  implicit fwks: []


Checking whether the ASM compiler is GNU using "--version" matched "(GNU assembler)|(GCC)|(Free Software Foundation)":
arm-xilinx-eabi-gcc.real (GCC) 12.2.0
Copyright (C) 2022 Free Software Foundation, Inc.
This is free software; see the source for copying conditions.  There is NO
warranty; not even for MERCHANTABILITY or FITNESS FOR A PARTICULAR PURPOSE.

